id;sex;age;nat;ling;rel;rel2;mother;father
1;Male;27;Non-Swiss;Italian;Other;Never;3;1
2;Female;19;Non-Swiss;German;Other;Monthly;1;5
3;Male;26;Swiss;French;Jewish;Monthly;3;4
4;Male;23;Non-Swiss;French;Jewish;Never;3;5
5;Female;19;Swiss;French;Other;Never;3;5
6;Female;16;Non-Swiss;German;Muslim;Never;4;2
7;Female;30;Non-Swiss;French;Muslim;Never;2;3
8;Male;23;Non-Swiss;German;Jewish;Monthly;3;5
9;Male;26;Swiss;Italian;Other;Yearly;4;5
10;Male;23;Swiss;Italian;Christian;Monthly;1;3
11;Male;26;Non-Swiss;Italian;Muslim;Never;3;3
12;Male;23;Non-Swiss;Italian;Christian;Yearly;5;5
13;Male;25;Swiss;Italian;Jewish;Monthly;3;2
14;Female;28;Swiss;Italian;Jewish;Weekly;4;1
15;Male;22;Swiss;Italian;Other;Weekly;1;4
16;Female;20;Non-Swiss;French;Other;Never;3;4
17;Male;17;Swiss;Italian;Muslim;Yearly;5;2
18;Male;29;Swiss;Italian;Jewish;Never;1;3
19;Male;26;Non-Swiss;French;Muslim;Monthly;4;3
20;Female;19;Non-Swiss;French;Other;Monthly;4;1
21;Female;25;Swiss;Italian;Christian;Yearly;2;2
22;Female;28;Swiss;French;Jewish;Never;3;4
23;Male;19;Swiss;Italian;Jewish;Weekly;4;5
24;Male;16;Non-Swiss;German;Other;Never;5;4
25;Female;25;Swiss;French;Other;Never;1;3
26;Female;21;Swiss;German;Muslim;Monthly;2;5
27;Male;19;Non-Swiss;Italian;Other;Weekly;3;2
28;Male;18;Swiss;French;Other;Yearly;3;4
29;Male;20;Swiss;Italian;Jewish;Yearly;1;5
30;Male;24;Swiss;French;Jewish;Monthly;5;4
31;Male;23;Swiss;German;Other;Yearly;1;2
32;Male;21;Swiss;German;Muslim;Monthly;3;1
33;Female;24;Non-Swiss;French;Christian;Weekly;4;3
34;Female;30;Non-Swiss;German;Jewish;Monthly;5;2
35;Male;17;Swiss;German;Jewish;Yearly;5;1
36;Male;21;Swiss;Italian;Muslim;Weekly;1;1
37;Male;27;Swiss;German;Jewish;Yearly;1;2
38;Female;30;Swiss;German;Other;Weekly;2;5
39;Male;19;Non-Swiss;French;Christian;Yearly;5;4
40;Female;26;Swiss;German;Jewish;Weekly;5;4
41;Female;30;Swiss;French;Christian;Yearly;3;5
42;Male;21;Swiss;French;Christian;Monthly;2;4
43;Male;17;Swiss;German;Jewish;Yearly;4;5
44;Female;28;Swiss;German;Christian;Never;5;2
45;Female;22;Non-Swiss;German;Muslim;Monthly;1;5
46;Male;30;Non-Swiss;French;Christian;Never;4;3
47;Female;28;Non-Swiss;French;Other;Yearly;1;5
48;Female;28;Swiss;Italian;Jewish;Monthly;2;2
49;Male;28;Swiss;German;Jewish;Yearly;4;4
50;Male;16;Swiss;Italian;Muslim;Never;2;5
51;Female;17;Non-Swiss;German;Christian;Yearly;1;5
52;Female;28;Non-Swiss;Italian;Muslim;Monthly;4;4
53;Female;28;Swiss;Italian;Christian;Weekly;2;1
54;Female;21;Swiss;German;Jewish;Never;1;3
55;Female;26;Non-Swiss;French;Muslim;Yearly;4;1
56;Male;20;Non-Swiss;Italian;Christian;Weekly;4;3
57;Female;23;Non-Swiss;Italian;Christian;Monthly;4;4
58;Male;16;Non-Swiss;French;Other;Weekly;3;3
59;Male;22;Non-Swiss;Italian;Jewish;Never;4;1
60;Female;16;Non-Swiss;German;Muslim;Weekly;2;5
61;Female;16;Swiss;Italian;Christian;Weekly;3;4
62;Female;23;Non-Swiss;French;Christian;Weekly;3;4
63;Female;23;Swiss;Italian;Other;Monthly;4;5
64;Female;16;Swiss;German;Jewish;Weekly;3;1
65;Female;20;Non-Swiss;German;Muslim;Yearly;3;2
66;Male;20;Non-Swiss;French;Other;Monthly;2;1
67;Male;22;Swiss;French;Other;Weekly;5;2
68;Female;26;Swiss;Italian;Muslim;Yearly;3;2
69;Female;24;Swiss;French;Muslim;Never;3;4
70;Male;24;Non-Swiss;Italian;Muslim;Monthly;1;1
71;Male;26;Swiss;French;Jewish;Never;3;4
72;Male;20;Non-Swiss;Italian;Christian;Yearly;4;2
73;Female;17;Non-Swiss;French;Muslim;Never;4;1
74;Female;27;Non-Swiss;French;Christian;Yearly;3;4
75;Female;28;Non-Swiss;German;Other;Never;2;5
76;Male;30;Swiss;German;Other;Weekly;2;5
77;Female;26;Non-Swiss;French;Other;Never;3;3
78;Male;23;Swiss;French;Christian;Monthly;4;5
79;Male;24;Non-Swiss;French;Jewish;Never;4;2
80;Male;20;Swiss;Italian;Muslim;Monthly;1;2
81;Female;18;Non-Swiss;Italian;Christian;Weekly;1;3
82;Female;27;Non-Swiss;Italian;Christian;Weekly;2;2
83;Male;24;Non-Swiss;German;Other;Yearly;5;4
84;Female;27;Non-Swiss;French;Muslim;Weekly;2;1
85;Male;21;Non-Swiss;Italian;Christian;Monthly;4;5
86;Female;24;Non-Swiss;Italian;Other;Monthly;3;2
87;Female;20;Swiss;German;Jewish;Yearly;1;4
88;Female;23;Swiss;Italian;Muslim;Never;1;2
89;Male;26;Non-Swiss;German;Muslim;Weekly;1;2
90;Female;16;Non-Swiss;German;Muslim;Yearly;1;5
91;Male;29;Non-Swiss;French;Muslim;Weekly;1;2
92;Female;27;Swiss;German;Christian;Yearly;3;5
93;Female;29;Non-Swiss;German;Christian;Monthly;1;5
94;Male;18;Non-Swiss;Italian;Christian;Weekly;5;1
95;Female;17;Swiss;German;Christian;Never;1;5
96;Male;16;Non-Swiss;German;Muslim;Weekly;5;2
97;Male;20;Swiss;Italian;Jewish;Yearly;2;1
98;Male;22;Swiss;French;Muslim;Monthly;1;3
99;Male;23;Non-Swiss;French;Other;Yearly;5;4
100;Female;28;Non-Swiss;German;Jewish;Yearly;3;4
101;Female;28;Non-Swiss;Italian;Christian;Yearly;2;2
102;Female;16;Non-Swiss;French;Other;Monthly;5;2
103;Female;29;Non-Swiss;German;Jewish;Weekly;5;3
104;Female;29;Non-Swiss;German;Other;Yearly;4;5
105;Female;26;Non-Swiss;French;Other;Never;1;4
106;Female;29;Swiss;Italian;Other;Monthly;3;1
107;Female;29;Non-Swiss;Italian;Jewish;Never;4;4
108;Female;22;Non-Swiss;French;Muslim;Yearly;4;3
109;Female;22;Swiss;French;Other;Yearly;5;5
110;Male;22;Swiss;French;Christian;Monthly;1;3
111;Female;27;Non-Swiss;French;Christian;Monthly;5;1
112;Female;19;Swiss;French;Jewish;Never;1;3
113;Female;24;Swiss;Italian;Other;Weekly;2;5
114;Female;30;Swiss;German;Christian;Never;4;3
115;Female;24;Non-Swiss;Italian;Muslim;Monthly;3;3
116;Male;16;Swiss;German;Muslim;Never;3;1
117;Female;17;Swiss;Italian;Jewish;Monthly;5;5
118;Female;19;Non-Swiss;German;Christian;Monthly;1;2
119;Male;29;Swiss;German;Muslim;Yearly;5;2
120;Male;25;Swiss;French;Muslim;Weekly;3;2
121;Male;18;Non-Swiss;German;Muslim;Never;4;2
122;Male;19;Non-Swiss;Italian;Christian;Weekly;5;2
123;Male;16;Non-Swiss;French;Muslim;Monthly;3;4
124;Male;16;Non-Swiss;German;Muslim;Monthly;2;5
125;Female;26;Non-Swiss;German;Christian;Never;5;3
126;Female;24;Swiss;German;Christian;Monthly;3;2
127;Male;24;Non-Swiss;Italian;Muslim;Monthly;1;4
128;Female;28;Non-Swiss;German;Christian;Weekly;5;1
129;Female;29;Non-Swiss;French;Muslim;Yearly;1;3
130;Female;29;Swiss;German;Jewish;Monthly;1;3
131;Female;20;Swiss;German;Other;Never;5;2
132;Female;17;Non-Swiss;German;Jewish;Weekly;5;4
133;Female;20;Swiss;French;Christian;Weekly;1;1
134;Female;26;Non-Swiss;Italian;Muslim;Yearly;3;5
135;Female;20;Swiss;Italian;Jewish;Monthly;2;4
136;Male;27;Non-Swiss;French;Muslim;Weekly;3;1
137;Female;20;Swiss;French;Christian;Never;1;4
138;Male;20;Swiss;German;Other;Weekly;5;3
139;Female;25;Non-Swiss;French;Christian;Yearly;5;5
140;Female;16;Non-Swiss;German;Muslim;Never;3;1
141;Female;19;Non-Swiss;Italian;Jewish;Weekly;4;5
142;Female;22;Swiss;French;Muslim;Weekly;4;2
143;Female;30;Swiss;French;Muslim;Never;1;5
144;Female;19;Swiss;French;Christian;Never;2;3
145;Female;18;Swiss;German;Other;Weekly;2;3
146;Male;16;Non-Swiss;German;Other;Yearly;1;5
147;Female;22;Swiss;German;Jewish;Monthly;2;5
148;Male;22;Non-Swiss;Italian;Jewish;Yearly;5;5
149;Male;27;Non-Swiss;German;Muslim;Weekly;4;4
150;Female;25;Non-Swiss;German;Christian;Monthly;2;5
151;Female;29;Swiss;German;Muslim;Weekly;4;3
152;Male;20;Non-Swiss;German;Jewish;Never;5;1
153;Female;30;Non-Swiss;Italian;Christian;Yearly;3;1
154;Male;20;Non-Swiss;Italian;Jewish;Monthly;2;3
155;Female;24;Swiss;French;Other;Weekly;5;3
156;Male;26;Non-Swiss;German;Jewish;Never;2;3
157;Female;17;Non-Swiss;Italian;Other;Monthly;3;5
158;Female;27;Swiss;French;Jewish;Weekly;1;4
159;Male;26;Swiss;German;Muslim;Yearly;4;3
160;Male;22;Non-Swiss;German;Other;Weekly;3;1
161;Female;28;Non-Swiss;German;Jewish;Yearly;2;3
162;Male;19;Non-Swiss;French;Muslim;Yearly;3;1
163;Male;16;Non-Swiss;French;Muslim;Yearly;1;1
164;Male;19;Non-Swiss;Italian;Muslim;Never;3;1
165;Male;24;Swiss;Italian;Other;Weekly;5;3
166;Female;23;Non-Swiss;French;Other;Weekly;3;4
167;Female;16;Swiss;German;Other;Weekly;4;3
168;Male;21;Non-Swiss;French;Christian;Yearly;5;1
169;Male;19;Non-Swiss;Italian;Other;Never;5;5
170;Female;30;Non-Swiss;Italian;Other;Monthly;4;3
171;Male;26;Non-Swiss;Italian;Jewish;Never;2;3
172;Female;24;Swiss;German;Muslim;Never;3;1
173;Female;28;Swiss;Italian;Muslim;Weekly;3;2
174;Male;28;Non-Swiss;Italian;Christian;Monthly;1;3
175;Female;19;Swiss;German;Other;Never;2;3
176;Female;18;Non-Swiss;Italian;Muslim;Yearly;4;3
177;Female;22;Non-Swiss;French;Muslim;Never;2;5
178;Male;21;Non-Swiss;French;Muslim;Never;4;3
179;Female;28;Non-Swiss;Italian;Other;Weekly;5;2
180;Male;23;Non-Swiss;Italian;Christian;Monthly;1;1
181;Male;23;Swiss;Italian;Muslim;Yearly;5;5
182;Female;18;Non-Swiss;German;Other;Never;1;1
183;Male;23;Swiss;German;Jewish;Yearly;5;4
184;Male;26;Non-Swiss;French;Jewish;Never;5;5
185;Female;25;Non-Swiss;French;Jewish;Monthly;4;3
186;Male;28;Non-Swiss;French;Muslim;Weekly;1;1
187;Female;30;Swiss;French;Jewish;Never;3;5
188;Female;19;Swiss;Italian;Jewish;Never;5;3
189;Female;26;Swiss;German;Jewish;Never;2;5
190;Male;20;Non-Swiss;Italian;Christian;Never;1;4
191;Female;29;Swiss;Italian;Other;Yearly;2;4
192;Female;20;Non-Swiss;French;Christian;Never;5;3
193;Male;17;Non-Swiss;Italian;Other;Monthly;4;1
194;Male;17;Swiss;Italian;Jewish;Never;5;4
195;Male;23;Swiss;Italian;Jewish;Monthly;4;4
196;Male;25;Swiss;German;Muslim;Weekly;2;1
197;Female;26;Non-Swiss;German;Jewish;Weekly;2;1
198;Female;29;Swiss;Italian;Christian;Monthly;2;3
199;Female;23;Swiss;French;Muslim;Never;4;1
200;Male;19;Swiss;Italian;Jewish;Yearly;1;1
201;Female;17;Swiss;German;Other;Monthly;3;3
202;Male;20;Non-Swiss;French;Christian;Monthly;2;2
203;Female;28;Swiss;Italian;Muslim;Never;5;2
204;Male;16;Swiss;Italian;Christian;Weekly;4;1
205;Male;28;Non-Swiss;Italian;Muslim;Monthly;2;1
206;Male;23;Swiss;Italian;Muslim;Weekly;5;1
207;Male;21;Non-Swiss;French;Jewish;Monthly;4;4
208;Male;18;Non-Swiss;French;Muslim;Never;1;4
209;Female;21;Non-Swiss;German;Christian;Never;1;3
210;Female;17;Swiss;French;Muslim;Yearly;3;1
211;Female;30;Non-Swiss;French;Muslim;Never;1;1
212;Female;19;Swiss;French;Muslim;Monthly;2;4
213;Female;26;Swiss;French;Jewish;Never;4;2
214;Female;29;Non-Swiss;German;Christian;Yearly;2;1
215;Female;23;Non-Swiss;German;Christian;Monthly;2;2
216;Male;24;Swiss;French;Muslim;Weekly;3;1
217;Male;22;Non-Swiss;French;Christian;Yearly;5;2
218;Male;22;Non-Swiss;Italian;Other;Yearly;1;1
219;Male;21;Swiss;French;Jewish;Never;4;4
220;Male;19;Non-Swiss;German;Other;Monthly;2;5
221;Male;23;Non-Swiss;German;Christian;Weekly;1;4
222;Female;19;Non-Swiss;Italian;Jewish;Yearly;3;4
223;Female;23;Non-Swiss;Italian;Other;Never;1;2
224;Male;22;Non-Swiss;Italian;Jewish;Monthly;2;2
225;Female;24;Non-Swiss;Italian;Christian;Monthly;5;2
226;Male;28;Swiss;Italian;Muslim;Never;4;4
227;Male;18;Swiss;French;Christian;Never;1;1
228;Female;27;Non-Swiss;French;Christian;Weekly;1;5
229;Female;21;Non-Swiss;German;Other;Yearly;2;5
230;Female;16;Non-Swiss;French;Other;Monthly;4;5
231;Female;28;Swiss;Italian;Christian;Yearly;5;3
232;Female;30;Non-Swiss;French;Muslim;Weekly;5;3
233;Male;25;Swiss;German;Christian;Monthly;5;2
234;Male;16;Swiss;Italian;Other;Yearly;2;3
235;Female;19;Non-Swiss;French;Christian;Never;2;1
236;Female;27;Swiss;German;Christian;Never;4;1
237;Female;25;Swiss;French;Muslim;Yearly;2;1
238;Female;30;Swiss;Italian;Jewish;Monthly;1;1
239;Female;24;Swiss;French;Christian;Weekly;3;5
240;Female;16;Non-Swiss;Italian;Muslim;Yearly;5;3
241;Male;25;Swiss;Italian;Muslim;Never;2;4
242;Female;20;Non-Swiss;French;Other;Never;5;2
243;Male;26;Swiss;Italian;Jewish;Never;4;2
244;Male;28;Swiss;German;Christian;Yearly;3;5
245;Female;27;Non-Swiss;Italian;Muslim;Yearly;5;5
246;Male;28;Non-Swiss;German;Christian;Weekly;4;3
247;Female;30;Non-Swiss;French;Muslim;Monthly;5;3
248;Male;21;Swiss;German;Jewish;Monthly;1;5
249;Female;21;Non-Swiss;Italian;Jewish;Monthly;2;2
250;Male;26;Non-Swiss;German;Jewish;Yearly;5;2
251;Female;28;Swiss;German;Other;Monthly;2;1
252;Male;16;Swiss;Italian;Other;Weekly;1;2
253;Male;28;Non-Swiss;German;Christian;Yearly;1;2
254;Female;23;Non-Swiss;German;Christian;Weekly;5;2
255;Female;23;Swiss;French;Christian;Monthly;3;1
256;Female;24;Non-Swiss;Italian;Other;Never;4;2
257;Male;22;Swiss;Italian;Jewish;Never;5;4
258;Female;17;Swiss;German;Other;Never;3;5
259;Female;29;Swiss;German;Muslim;Monthly;5;5
260;Male;19;Non-Swiss;German;Other;Monthly;4;4
261;Female;22;Non-Swiss;French;Christian;Weekly;3;4
262;Female;18;Swiss;French;Muslim;Monthly;4;1
263;Male;24;Swiss;French;Christian;Never;5;1
264;Female;23;Non-Swiss;German;Other;Never;1;1
265;Female;20;Swiss;French;Other;Never;4;2
266;Female;16;Swiss;Italian;Christian;Yearly;2;5
267;Male;29;Non-Swiss;French;Christian;Never;5;4
268;Female;16;Non-Swiss;Italian;Muslim;Weekly;3;3
269;Male;24;Swiss;French;Other;Yearly;5;5
270;Male;24;Non-Swiss;German;Christian;Never;1;2
271;Male;22;Swiss;Italian;Christian;Monthly;4;5
272;Female;20;Non-Swiss;German;Jewish;Never;2;2
273;Female;26;Swiss;French;Jewish;Yearly;1;5
274;Female;24;Swiss;French;Muslim;Never;4;2
275;Male;17;Swiss;French;Muslim;Never;1;1
276;Female;16;Swiss;French;Christian;Weekly;1;3
277;Male;23;Non-Swiss;Italian;Jewish;Never;3;3
278;Male;20;Swiss;Italian;Muslim;Never;3;5
279;Male;19;Swiss;French;Muslim;Weekly;1;4
280;Male;17;Swiss;Italian;Other;Never;5;4
281;Female;30;Swiss;French;Muslim;Never;4;5
282;Female;26;Non-Swiss;German;Jewish;Never;3;5
283;Female;16;Swiss;German;Jewish;Yearly;3;4
284;Male;29;Swiss;German;Other;Weekly;1;3
285;Male;30;Non-Swiss;German;Jewish;Monthly;3;4
286;Male;21;Non-Swiss;Italian;Muslim;Never;1;1
287;Female;22;Swiss;French;Christian;Monthly;4;5
288;Male;22;Swiss;French;Jewish;Weekly;2;4
289;Male;26;Non-Swiss;Italian;Muslim;Weekly;4;2
290;Male;18;Non-Swiss;French;Christian;Never;4;2
291;Male;28;Non-Swiss;German;Jewish;Yearly;3;5
292;Female;24;Swiss;German;Jewish;Never;4;1
293;Female;16;Swiss;Italian;Other;Monthly;2;5
294;Male;19;Non-Swiss;French;Jewish;Monthly;5;1
295;Male;20;Swiss;German;Other;Monthly;2;1
296;Female;18;Swiss;German;Other;Yearly;3;5
297;Female;26;Swiss;French;Other;Monthly;5;4
298;Male;24;Swiss;Italian;Jewish;Yearly;3;4
299;Female;28;Non-Swiss;French;Muslim;Weekly;4;1
300;Male;24;Non-Swiss;German;Other;Never;5;1
301;Female;18;Non-Swiss;Italian;Other;Yearly;1;2
302;Female;26;Swiss;French;Jewish;Weekly;4;3
303;Female;28;Non-Swiss;Italian;Other;Never;5;2
304;Male;21;Non-Swiss;Italian;Jewish;Monthly;3;5
305;Female;30;Swiss;French;Muslim;Weekly;3;1
306;Male;25;Non-Swiss;German;Christian;Yearly;3;1
307;Male;17;Swiss;Italian;Muslim;Never;1;4
308;Male;20;Non-Swiss;German;Other;Yearly;5;1
309;Male;30;Swiss;German;Other;Weekly;5;2
310;Female;17;Swiss;French;Jewish;Weekly;3;4
311;Female;25;Swiss;Italian;Jewish;Weekly;4;5
312;Male;25;Non-Swiss;German;Other;Monthly;2;1
313;Male;16;Swiss;French;Muslim;Yearly;5;2
314;Male;16;Swiss;German;Muslim;Never;5;1
315;Female;25;Non-Swiss;French;Jewish;Monthly;1;2
316;Male;28;Non-Swiss;French;Muslim;Yearly;3;1
317;Female;24;Swiss;Italian;Jewish;Never;5;1
318;Female;17;Non-Swiss;French;Christian;Monthly;3;2
319;Female;29;Non-Swiss;German;Muslim;Monthly;5;3
320;Male;28;Non-Swiss;Italian;Christian;Never;1;2
321;Male;26;Non-Swiss;Italian;Jewish;Yearly;4;2
322;Male;19;Non-Swiss;French;Christian;Weekly;1;4
323;Male;29;Non-Swiss;German;Christian;Yearly;1;2
324;Female;22;Non-Swiss;French;Other;Monthly;3;5
325;Female;25;Swiss;German;Jewish;Weekly;5;4
326;Female;29;Non-Swiss;French;Christian;Never;5;5
327;Male;27;Swiss;French;Jewish;Weekly;3;5
328;Male;19;Swiss;German;Jewish;Yearly;3;3
329;Male;27;Non-Swiss;Italian;Christian;Monthly;5;5
330;Female;30;Non-Swiss;Italian;Jewish;Weekly;5;5
331;Female;17;Non-Swiss;Italian;Other;Yearly;3;4
332;Male;22;Non-Swiss;German;Other;Monthly;3;5
333;Female;26;Swiss;German;Jewish;Yearly;5;1
334;Female;24;Swiss;German;Jewish;Yearly;1;2
335;Male;24;Non-Swiss;German;Other;Weekly;1;3
336;Male;26;Non-Swiss;Italian;Christian;Monthly;2;1
337;Female;29;Non-Swiss;German;Other;Weekly;1;3
338;Male;23;Swiss;French;Christian;Weekly;1;3
339;Male;26;Swiss;Italian;Christian;Monthly;2;3
340;Male;16;Non-Swiss;German;Christian;Weekly;1;3
341;Male;26;Swiss;Italian;Other;Weekly;4;4
342;Male;17;Non-Swiss;German;Other;Yearly;2;1
343;Female;18;Swiss;Italian;Muslim;Never;5;3
344;Male;16;Non-Swiss;Italian;Other;Yearly;3;2
345;Male;27;Swiss;French;Jewish;Yearly;5;3
346;Male;19;Non-Swiss;German;Christian;Monthly;1;5
347;Female;25;Non-Swiss;Italian;Christian;Monthly;4;2
348;Female;19;Swiss;French;Muslim;Never;2;3
349;Female;16;Non-Swiss;French;Other;Weekly;1;1
350;Male;18;Non-Swiss;Italian;Jewish;Weekly;1;3
351;Female;23;Non-Swiss;German;Christian;Weekly;2;4
352;Male;19;Non-Swiss;German;Muslim;Never;3;2
353;Male;21;Non-Swiss;German;Christian;Weekly;3;4
354;Female;29;Non-Swiss;Italian;Muslim;Monthly;2;3
355;Male;19;Non-Swiss;German;Christian;Weekly;1;3
356;Male;18;Swiss;Italian;Jewish;Monthly;2;5
357;Female;30;Non-Swiss;Italian;Muslim;Never;2;3
358;Female;25;Swiss;German;Christian;Monthly;1;5
359;Female;25;Swiss;French;Jewish;Weekly;1;4
360;Female;24;Non-Swiss;German;Other;Monthly;1;3
361;Female;28;Non-Swiss;Italian;Other;Never;1;1
362;Male;28;Non-Swiss;German;Muslim;Yearly;2;4
363;Female;18;Non-Swiss;Italian;Muslim;Yearly;4;3
364;Female;25;Non-Swiss;French;Jewish;Never;2;3
365;Male;22;Non-Swiss;German;Other;Weekly;4;2
366;Female;22;Non-Swiss;Italian;Jewish;Never;4;2
367;Male;27;Swiss;French;Other;Weekly;3;5
368;Male;23;Non-Swiss;Italian;Christian;Yearly;1;3
369;Male;19;Swiss;Italian;Muslim;Monthly;5;3
370;Male;26;Swiss;German;Jewish;Yearly;4;3
371;Female;26;Non-Swiss;French;Jewish;Never;5;1
372;Male;29;Swiss;German;Christian;Yearly;2;1
373;Female;30;Non-Swiss;French;Muslim;Monthly;3;3
374;Female;29;Swiss;German;Christian;Never;1;4
375;Female;22;Non-Swiss;German;Muslim;Never;2;2
376;Female;19;Non-Swiss;German;Jewish;Monthly;3;1
377;Male;22;Non-Swiss;French;Christian;Yearly;1;1
378;Male;19;Swiss;French;Jewish;Monthly;3;1
379;Female;26;Swiss;French;Muslim;Weekly;1;5
380;Male;25;Swiss;French;Muslim;Monthly;3;1
381;Male;27;Non-Swiss;German;Jewish;Weekly;5;1
382;Female;20;Swiss;Italian;Jewish;Weekly;4;1
383;Female;20;Swiss;German;Muslim;Yearly;1;5
384;Male;23;Swiss;French;Muslim;Monthly;3;1
385;Male;20;Swiss;German;Jewish;Never;1;2
386;Female;18;Swiss;French;Muslim;Weekly;5;5
387;Male;21;Non-Swiss;French;Muslim;Never;3;5
388;Male;28;Non-Swiss;French;Christian;Weekly;4;3
389;Female;30;Non-Swiss;French;Jewish;Monthly;1;3
390;Female;18;Swiss;French;Jewish;Yearly;4;4
391;Male;25;Non-Swiss;French;Other;Yearly;4;5
392;Female;17;Non-Swiss;French;Christian;Monthly;2;1
393;Male;16;Swiss;French;Jewish;Never;4;5
394;Male;27;Non-Swiss;Italian;Other;Monthly;3;3
395;Male;23;Non-Swiss;Italian;Christian;Yearly;4;2
396;Male;27;Swiss;German;Christian;Yearly;1;3
397;Female;21;Swiss;French;Other;Weekly;4;2
398;Male;27;Non-Swiss;Italian;Jewish;Monthly;5;3
399;Female;16;Non-Swiss;French;Jewish;Yearly;3;5
400;Female;20;Non-Swiss;French;Jewish;Yearly;5;4
401;Female;16;Swiss;French;Other;Monthly;5;1
402;Male;29;Non-Swiss;Italian;Muslim;Yearly;5;2
403;Female;25;Non-Swiss;Italian;Christian;Yearly;1;4
404;Female;23;Non-Swiss;Italian;Muslim;Weekly;3;2
405;Female;30;Non-Swiss;German;Muslim;Yearly;4;5
406;Female;22;Non-Swiss;Italian;Jewish;Never;1;5
407;Male;26;Swiss;German;Muslim;Weekly;3;2
408;Female;17;Non-Swiss;Italian;Other;Monthly;5;3
409;Male;19;Swiss;French;Jewish;Yearly;5;4
410;Male;28;Swiss;French;Christian;Weekly;3;5
411;Female;20;Swiss;French;Jewish;Monthly;5;3
412;Female;27;Non-Swiss;Italian;Other;Monthly;4;5
413;Male;19;Non-Swiss;German;Christian;Weekly;5;2
414;Female;28;Swiss;French;Other;Monthly;1;5
415;Male;29;Swiss;Italian;Christian;Weekly;4;4
416;Male;18;Non-Swiss;French;Christian;Yearly;1;3
417;Male;16;Swiss;French;Other;Never;2;5
418;Male;20;Non-Swiss;German;Jewish;Monthly;3;2
419;Female;23;Swiss;French;Other;Monthly;1;3
420;Female;22;Swiss;Italian;Other;Yearly;2;5
421;Male;20;Swiss;Italian;Christian;Monthly;5;1
422;Male;18;Swiss;German;Other;Monthly;2;5
423;Female;29;Swiss;German;Other;Yearly;2;4
424;Female;20;Swiss;Italian;Muslim;Weekly;1;3
425;Female;27;Non-Swiss;French;Jewish;Weekly;2;2
426;Male;25;Non-Swiss;Italian;Christian;Monthly;3;1
427;Male;28;Non-Swiss;German;Christian;Monthly;2;3
428;Male;20;Non-Swiss;Italian;Muslim;Yearly;4;2
429;Male;28;Non-Swiss;French;Jewish;Weekly;3;1
430;Female;23;Swiss;Italian;Jewish;Yearly;3;2
431;Female;21;Non-Swiss;Italian;Other;Weekly;3;3
432;Female;21;Non-Swiss;German;Jewish;Yearly;5;2
433;Male;26;Non-Swiss;French;Muslim;Never;4;5
434;Male;24;Swiss;French;Jewish;Never;1;2
435;Female;20;Swiss;Italian;Christian;Yearly;1;1
436;Male;17;Non-Swiss;French;Muslim;Never;5;5
437;Male;23;Swiss;German;Other;Yearly;1;5
438;Male;19;Non-Swiss;French;Christian;Weekly;5;1
439;Female;27;Non-Swiss;German;Christian;Yearly;3;5
440;Male;26;Non-Swiss;French;Other;Never;1;5
441;Female;20;Non-Swiss;Italian;Other;Weekly;3;2
442;Female;24;Swiss;French;Muslim;Monthly;5;3
443;Male;16;Non-Swiss;Italian;Muslim;Yearly;4;3
444;Female;23;Non-Swiss;Italian;Jewish;Never;2;4
445;Female;28;Swiss;German;Other;Weekly;3;1
446;Female;30;Non-Swiss;German;Other;Weekly;2;4
447;Female;27;Swiss;French;Jewish;Never;5;3
448;Male;29;Swiss;Italian;Jewish;Monthly;1;5
449;Female;20;Swiss;Italian;Christian;Never;3;2
450;Female;18;Swiss;French;Other;Monthly;3;2
451;Female;19;Swiss;French;Muslim;Never;1;2
452;Female;22;Non-Swiss;Italian;Other;Monthly;3;2
453;Male;19;Swiss;German;Other;Weekly;4;1
454;Female;21;Swiss;German;Jewish;Yearly;1;1
455;Male;26;Swiss;French;Jewish;Weekly;2;1
456;Male;20;Swiss;German;Muslim;Weekly;4;5
457;Male;26;Non-Swiss;French;Muslim;Weekly;4;1
458;Female;18;Non-Swiss;German;Muslim;Weekly;3;3
459;Female;16;Swiss;French;Muslim;Monthly;4;5
460;Male;17;Swiss;German;Other;Never;1;4
461;Male;24;Non-Swiss;French;Muslim;Weekly;5;1
462;Female;26;Swiss;French;Other;Never;5;1
463;Female;25;Non-Swiss;Italian;Christian;Never;1;4
464;Female;19;Swiss;Italian;Jewish;Monthly;4;4
465;Female;30;Swiss;Italian;Jewish;Monthly;2;2
466;Male;30;Non-Swiss;Italian;Other;Weekly;4;5
467;Female;26;Non-Swiss;German;Muslim;Weekly;2;4
468;Female;29;Non-Swiss;German;Other;Monthly;2;5
469;Female;20;Non-Swiss;Italian;Christian;Never;4;5
470;Female;19;Swiss;Italian;Jewish;Weekly;5;1
471;Female;29;Swiss;French;Jewish;Yearly;3;3
472;Male;29;Swiss;French;Jewish;Weekly;5;2
473;Female;21;Swiss;German;Other;Monthly;2;3
474;Male;26;Swiss;French;Other;Weekly;2;2
475;Female;19;Non-Swiss;Italian;Christian;Monthly;1;2
476;Female;22;Non-Swiss;German;Christian;Monthly;5;1
477;Female;17;Swiss;German;Jewish;Weekly;1;5
478;Male;20;Non-Swiss;Italian;Jewish;Weekly;5;4
479;Female;27;Non-Swiss;German;Jewish;Monthly;3;4
480;Male;24;Non-Swiss;French;Christian;Never;5;3
481;Male;20;Swiss;German;Christian;Never;2;2
482;Female;19;Non-Swiss;Italian;Muslim;Weekly;4;3
483;Male;17;Swiss;French;Christian;Never;1;1
484;Female;21;Non-Swiss;French;Jewish;Weekly;1;1
485;Male;18;Swiss;German;Jewish;Monthly;1;5
486;Female;20;Swiss;French;Other;Weekly;3;4
487;Male;23;Non-Swiss;Italian;Other;Monthly;5;2
488;Female;20;Non-Swiss;German;Muslim;Monthly;2;4
489;Female;28;Swiss;French;Muslim;Never;2;4
490;Male;16;Swiss;Italian;Muslim;Monthly;5;4
491;Female;18;Non-Swiss;German;Jewish;Monthly;4;5
492;Male;27;Non-Swiss;German;Christian;Never;5;3
493;Male;19;Swiss;Italian;Christian;Never;1;5
494;Female;20;Swiss;French;Christian;Weekly;2;1
495;Male;25;Swiss;German;Christian;Yearly;3;3
496;Female;20;Non-Swiss;German;Jewish;Monthly;3;1
497;Female;27;Swiss;French;Christian;Monthly;3;5
498;Male;19;Non-Swiss;French;Other;Never;3;1
499;Female;22;Non-Swiss;German;Jewish;Never;4;2
500;Male;19;Swiss;Italian;Other;Never;2;1
501;Male;16;Non-Swiss;German;Other;Weekly;1;2
502;Male;26;Swiss;Italian;Other;Monthly;2;1
503;Female;21;Swiss;French;Christian;Never;4;2
504;Female;28;Non-Swiss;French;Christian;Weekly;3;2
505;Female;16;Swiss;French;Christian;Never;4;1
506;Female;28;Non-Swiss;French;Christian;Weekly;2;4
507;Male;26;Non-Swiss;Italian;Christian;Monthly;4;4
508;Male;20;Swiss;Italian;Christian;Weekly;3;4
509;Male;30;Swiss;Italian;Muslim;Never;4;5
510;Male;28;Swiss;French;Other;Never;4;2
511;Male;30;Swiss;German;Other;Monthly;1;2
512;Female;30;Swiss;French;Christian;Monthly;2;4
513;Male;22;Non-Swiss;French;Other;Monthly;4;4
514;Male;22;Non-Swiss;German;Other;Weekly;1;3
515;Male;30;Swiss;German;Other;Never;5;4
516;Female;18;Swiss;German;Christian;Never;4;3
517;Male;25;Swiss;French;Jewish;Weekly;4;4
518;Female;19;Swiss;German;Muslim;Weekly;5;1
519;Female;16;Swiss;German;Jewish;Yearly;3;3
520;Female;26;Swiss;German;Jewish;Yearly;3;4
521;Female;21;Swiss;German;Other;Weekly;3;3
522;Female;18;Non-Swiss;German;Jewish;Weekly;4;3
523;Female;23;Swiss;Italian;Christian;Monthly;2;1
524;Male;25;Swiss;French;Christian;Monthly;1;3
525;Female;24;Non-Swiss;French;Muslim;Weekly;4;2
526;Male;30;Non-Swiss;German;Christian;Monthly;2;4
527;Female;29;Non-Swiss;French;Muslim;Monthly;2;2
528;Male;27;Swiss;German;Other;Yearly;3;3
529;Male;23;Swiss;French;Christian;Monthly;2;1
530;Male;29;Non-Swiss;German;Jewish;Weekly;5;5
531;Female;29;Swiss;Italian;Other;Weekly;1;4
532;Male;18;Non-Swiss;German;Other;Weekly;2;3
533;Female;27;Non-Swiss;German;Jewish;Weekly;2;4
534;Male;25;Non-Swiss;French;Jewish;Weekly;1;5
535;Female;20;Swiss;Italian;Jewish;Never;1;3
536;Male;27;Non-Swiss;Italian;Muslim;Weekly;3;2
537;Female;16;Non-Swiss;German;Muslim;Never;2;2
538;Female;16;Swiss;German;Christian;Monthly;2;1
539;Female;22;Swiss;Italian;Christian;Yearly;2;1
540;Female;30;Non-Swiss;Italian;Other;Yearly;1;2
541;Female;27;Swiss;Italian;Jewish;Weekly;2;4
542;Female;22;Non-Swiss;French;Jewish;Yearly;3;1
543;Female;19;Non-Swiss;German;Jewish;Yearly;1;4
544;Female;28;Swiss;German;Muslim;Never;4;2
545;Male;30;Swiss;German;Jewish;Monthly;5;5
546;Female;24;Swiss;German;Other;Monthly;2;5
547;Female;29;Non-Swiss;French;Muslim;Monthly;4;4
548;Male;28;Non-Swiss;French;Christian;Monthly;1;3
549;Male;30;Non-Swiss;German;Christian;Weekly;2;3
550;Male;29;Non-Swiss;Italian;Christian;Weekly;4;1
551;Female;21;Non-Swiss;Italian;Christian;Weekly;3;4
552;Female;17;Swiss;French;Christian;Monthly;1;1
553;Male;21;Non-Swiss;Italian;Muslim;Never;2;4
554;Male;19;Swiss;Italian;Muslim;Yearly;3;4
555;Male;19;Swiss;German;Jewish;Monthly;3;2
556;Male;17;Non-Swiss;French;Jewish;Weekly;5;1
557;Female;22;Non-Swiss;French;Jewish;Monthly;4;4
558;Female;21;Non-Swiss;French;Jewish;Monthly;3;1
559;Male;19;Non-Swiss;German;Jewish;Yearly;5;3
560;Female;19;Swiss;French;Jewish;Never;4;5
561;Male;20;Swiss;French;Jewish;Monthly;2;5
562;Female;20;Swiss;Italian;Other;Weekly;2;4
563;Male;17;Non-Swiss;French;Jewish;Never;2;5
564;Male;23;Swiss;German;Jewish;Monthly;4;3
565;Female;30;Non-Swiss;Italian;Jewish;Yearly;4;5
566;Male;30;Swiss;French;Christian;Monthly;3;3
567;Female;16;Non-Swiss;French;Christian;Yearly;1;2
568;Female;18;Non-Swiss;French;Muslim;Yearly;3;4
569;Male;22;Swiss;German;Jewish;Yearly;2;5
570;Male;25;Non-Swiss;French;Christian;Never;3;5
571;Female;20;Swiss;French;Christian;Weekly;4;5
572;Male;23;Swiss;Italian;Other;Monthly;4;5
573;Male;27;Swiss;Italian;Jewish;Weekly;2;3
574;Male;21;Non-Swiss;Italian;Other;Never;5;4
575;Female;16;Swiss;German;Muslim;Weekly;2;3
576;Female;17;Swiss;German;Jewish;Never;4;4
577;Male;23;Non-Swiss;German;Jewish;Weekly;3;4
578;Female;17;Non-Swiss;French;Jewish;Yearly;3;3
579;Female;19;Non-Swiss;French;Christian;Never;2;1
580;Male;21;Non-Swiss;French;Jewish;Yearly;2;2
581;Female;19;Non-Swiss;French;Jewish;Yearly;1;3
582;Male;22;Swiss;German;Muslim;Yearly;4;5
583;Female;29;Non-Swiss;German;Other;Never;1;1
584;Female;25;Swiss;German;Christian;Monthly;5;4
585;Female;29;Swiss;German;Christian;Monthly;5;3
586;Male;30;Non-Swiss;French;Jewish;Never;1;3
587;Female;20;Swiss;French;Christian;Monthly;5;5
588;Male;29;Non-Swiss;French;Jewish;Monthly;4;2
589;Male;24;Non-Swiss;French;Christian;Never;5;2
590;Female;20;Swiss;German;Christian;Monthly;5;1
591;Female;27;Swiss;Italian;Other;Yearly;5;1
592;Male;19;Non-Swiss;French;Christian;Monthly;3;2
593;Female;18;Non-Swiss;French;Christian;Never;3;3
594;Male;22;Non-Swiss;German;Other;Yearly;3;4
595;Male;19;Non-Swiss;Italian;Other;Yearly;3;4
596;Female;17;Swiss;Italian;Christian;Never;4;1
597;Male;17;Non-Swiss;Italian;Other;Never;2;2
598;Male;23;Non-Swiss;French;Christian;Monthly;4;1
599;Female;18;Non-Swiss;French;Jewish;Monthly;2;3
600;Female;18;Non-Swiss;Italian;Muslim;Yearly;1;5
601;Female;16;Non-Swiss;German;Other;Monthly;3;3
602;Female;28;Non-Swiss;French;Jewish;Yearly;3;5
603;Male;18;Non-Swiss;Italian;Jewish;Yearly;4;1
604;Male;29;Swiss;French;Christian;Yearly;5;4
605;Male;18;Non-Swiss;Italian;Other;Yearly;3;4
606;Male;19;Swiss;German;Christian;Yearly;1;1
607;Female;23;Non-Swiss;German;Muslim;Monthly;3;5
608;Male;16;Non-Swiss;Italian;Christian;Weekly;5;4
609;Female;28;Non-Swiss;French;Other;Weekly;2;3
610;Female;26;Swiss;Italian;Christian;Weekly;5;3
611;Male;22;Non-Swiss;Italian;Jewish;Yearly;5;1
612;Male;30;Non-Swiss;French;Christian;Yearly;2;1
613;Male;23;Swiss;French;Christian;Never;2;1
614;Female;17;Non-Swiss;Italian;Jewish;Monthly;5;2
615;Female;18;Non-Swiss;Italian;Other;Weekly;4;2
616;Female;26;Swiss;French;Muslim;Yearly;1;5
617;Male;28;Non-Swiss;Italian;Other;Weekly;3;5
618;Male;22;Swiss;French;Other;Never;5;4
619;Female;25;Swiss;French;Muslim;Monthly;3;1
620;Female;24;Swiss;French;Christian;Monthly;2;3
621;Female;18;Non-Swiss;French;Other;Weekly;4;2
622;Male;29;Non-Swiss;French;Jewish;Never;2;3
623;Female;20;Non-Swiss;German;Muslim;Yearly;3;1
624;Male;17;Swiss;Italian;Other;Monthly;1;1
625;Male;29;Non-Swiss;French;Jewish;Weekly;2;1
626;Female;16;Non-Swiss;German;Jewish;Yearly;4;4
627;Male;21;Non-Swiss;French;Christian;Yearly;2;1
628;Male;23;Non-Swiss;Italian;Other;Never;2;5
629;Female;27;Swiss;French;Muslim;Monthly;2;4
630;Female;17;Non-Swiss;French;Christian;Weekly;1;2
631;Female;23;Swiss;German;Other;Never;2;1
632;Female;20;Swiss;German;Muslim;Never;3;1
633;Female;23;Non-Swiss;German;Other;Weekly;3;5
634;Male;20;Swiss;French;Muslim;Monthly;4;5
635;Female;16;Swiss;Italian;Jewish;Never;2;1
636;Male;27;Non-Swiss;Italian;Other;Yearly;2;5
637;Female;19;Non-Swiss;Italian;Other;Never;1;4
638;Male;24;Swiss;German;Jewish;Yearly;3;5
639;Female;27;Non-Swiss;French;Other;Yearly;3;4
640;Female;18;Swiss;Italian;Other;Weekly;4;1
641;Male;20;Swiss;French;Other;Weekly;2;2
642;Female;21;Swiss;German;Muslim;Monthly;5;3
643;Male;16;Swiss;Italian;Other;Yearly;5;1
644;Female;21;Swiss;Italian;Christian;Monthly;1;4
645;Male;19;Swiss;Italian;Muslim;Weekly;2;1
646;Male;24;Non-Swiss;French;Jewish;Monthly;5;3
647;Female;17;Non-Swiss;French;Christian;Yearly;2;4
648;Male;28;Non-Swiss;Italian;Christian;Weekly;1;4
649;Male;23;Non-Swiss;German;Muslim;Weekly;4;3
650;Female;20;Non-Swiss;French;Other;Never;4;2
651;Female;23;Swiss;Italian;Muslim;Yearly;1;5
652;Male;27;Non-Swiss;Italian;Muslim;Never;3;2
653;Male;20;Non-Swiss;French;Other;Weekly;4;1
654;Female;22;Swiss;French;Muslim;Weekly;5;2
655;Male;29;Non-Swiss;German;Muslim;Never;4;5
656;Female;18;Non-Swiss;German;Christian;Monthly;2;3
657;Female;25;Swiss;French;Jewish;Monthly;5;5
658;Female;30;Swiss;German;Muslim;Yearly;2;5
659;Male;27;Non-Swiss;German;Christian;Yearly;5;5
660;Female;22;Swiss;German;Muslim;Weekly;3;3
661;Female;18;Non-Swiss;Italian;Muslim;Weekly;1;2
662;Male;17;Non-Swiss;French;Other;Yearly;1;2
663;Female;25;Non-Swiss;German;Christian;Never;1;3
664;Male;19;Swiss;Italian;Other;Monthly;4;3
665;Female;16;Non-Swiss;German;Jewish;Monthly;2;1
666;Male;27;Non-Swiss;French;Other;Yearly;2;4
667;Female;29;Non-Swiss;French;Christian;Never;2;5
668;Male;19;Non-Swiss;French;Christian;Yearly;2;3
669;Female;25;Swiss;Italian;Christian;Monthly;2;1
670;Male;22;Swiss;Italian;Jewish;Monthly;2;2
671;Male;23;Non-Swiss;French;Other;Yearly;2;1
672;Female;21;Non-Swiss;German;Other;Weekly;1;3
673;Female;21;Swiss;French;Muslim;Monthly;4;5
674;Male;16;Swiss;German;Christian;Weekly;2;1
675;Female;26;Swiss;French;Muslim;Yearly;2;1
676;Female;17;Swiss;Italian;Muslim;Never;2;1
677;Female;18;Swiss;Italian;Jewish;Never;3;1
678;Female;28;Non-Swiss;German;Christian;Yearly;2;5
679;Male;18;Swiss;French;Jewish;Yearly;4;4
680;Male;29;Swiss;French;Jewish;Monthly;1;2
681;Female;20;Non-Swiss;Italian;Christian;Never;5;5
682;Male;21;Swiss;French;Other;Monthly;2;5
683;Male;24;Swiss;German;Muslim;Yearly;5;1
684;Female;27;Non-Swiss;Italian;Christian;Weekly;5;1
685;Male;17;Non-Swiss;German;Jewish;Weekly;3;1
686;Male;20;Non-Swiss;German;Jewish;Monthly;1;4
687;Male;28;Swiss;French;Jewish;Yearly;5;2
688;Female;17;Non-Swiss;German;Other;Never;3;4
689;Female;25;Non-Swiss;German;Christian;Monthly;4;5
690;Female;16;Non-Swiss;Italian;Other;Monthly;1;3
691;Male;20;Swiss;French;Other;Never;1;5
692;Female;26;Non-Swiss;Italian;Jewish;Yearly;1;1
693;Male;27;Swiss;Italian;Other;Never;1;1
694;Male;28;Swiss;German;Muslim;Never;5;4
695;Male;19;Swiss;Italian;Christian;Yearly;2;4
696;Male;21;Swiss;Italian;Jewish;Never;4;3
697;Female;16;Non-Swiss;French;Christian;Yearly;2;4
698;Female;19;Non-Swiss;Italian;Muslim;Monthly;5;4
699;Male;24;Non-Swiss;Italian;Christian;Monthly;2;3
700;Male;24;Swiss;French;Jewish;Monthly;4;1
701;Male;24;Swiss;French;Jewish;Weekly;1;1
702;Female;22;Non-Swiss;Italian;Christian;Monthly;3;2
703;Female;22;Non-Swiss;German;Jewish;Monthly;5;4
704;Male;16;Non-Swiss;French;Jewish;Monthly;3;4
705;Female;26;Swiss;Italian;Christian;Never;2;1
706;Male;25;Swiss;Italian;Jewish;Yearly;2;2
707;Male;29;Non-Swiss;French;Other;Never;2;3
708;Male;22;Non-Swiss;French;Other;Monthly;4;3
709;Female;18;Non-Swiss;Italian;Muslim;Weekly;1;2
710;Male;20;Swiss;Italian;Christian;Weekly;5;3
711;Female;17;Swiss;French;Muslim;Monthly;1;1
712;Male;30;Non-Swiss;German;Muslim;Never;2;1
713;Male;22;Swiss;German;Other;Monthly;2;4
714;Female;25;Swiss;German;Christian;Monthly;3;2
715;Female;19;Swiss;Italian;Other;Yearly;1;3
716;Female;17;Non-Swiss;Italian;Muslim;Weekly;5;3
717;Female;25;Non-Swiss;Italian;Muslim;Yearly;2;4
718;Female;16;Non-Swiss;German;Jewish;Weekly;5;4
719;Male;22;Swiss;French;Jewish;Weekly;1;5
720;Male;29;Non-Swiss;Italian;Other;Monthly;2;5
721;Male;18;Non-Swiss;French;Christian;Yearly;1;3
722;Male;20;Swiss;Italian;Muslim;Never;5;2
723;Male;24;Swiss;Italian;Muslim;Never;2;5
724;Female;30;Swiss;Italian;Jewish;Monthly;2;3
725;Male;17;Swiss;German;Jewish;Monthly;3;3
726;Male;22;Non-Swiss;French;Other;Yearly;5;2
727;Female;20;Non-Swiss;German;Other;Never;3;4
728;Male;23;Non-Swiss;German;Christian;Never;4;2
729;Female;30;Non-Swiss;Italian;Christian;Monthly;3;5
730;Male;30;Non-Swiss;Italian;Jewish;Yearly;5;4
731;Male;25;Non-Swiss;French;Christian;Weekly;5;2
732;Female;19;Non-Swiss;German;Christian;Never;1;2
733;Female;18;Swiss;French;Jewish;Monthly;5;4
734;Female;25;Swiss;French;Jewish;Monthly;2;3
735;Male;26;Swiss;German;Other;Yearly;2;4
736;Male;17;Non-Swiss;German;Other;Yearly;1;1
737;Male;22;Swiss;German;Jewish;Never;1;5
738;Female;17;Non-Swiss;German;Jewish;Yearly;2;2
739;Male;28;Swiss;Italian;Jewish;Monthly;2;3
740;Female;24;Non-Swiss;German;Other;Monthly;4;5
741;Female;24;Non-Swiss;Italian;Other;Yearly;2;3
742;Female;18;Swiss;German;Jewish;Weekly;2;1
743;Male;21;Swiss;German;Jewish;Weekly;4;2
744;Female;17;Swiss;German;Christian;Never;1;1
745;Male;23;Swiss;French;Christian;Yearly;4;1
746;Female;25;Non-Swiss;German;Jewish;Never;5;5
747;Female;28;Non-Swiss;German;Other;Monthly;1;5
748;Male;19;Swiss;Italian;Jewish;Weekly;2;1
749;Female;17;Non-Swiss;Italian;Jewish;Yearly;1;2
750;Female;29;Swiss;Italian;Other;Monthly;5;4
751;Female;28;Swiss;Italian;Christian;Yearly;5;3
752;Female;16;Swiss;German;Other;Yearly;2;4
753;Female;30;Swiss;German;Christian;Never;5;3
754;Female;19;Swiss;German;Muslim;Monthly;1;3
755;Male;16;Swiss;French;Other;Weekly;5;2
756;Male;23;Swiss;Italian;Christian;Weekly;3;4
757;Female;21;Swiss;German;Christian;Yearly;3;2
758;Male;20;Non-Swiss;French;Muslim;Monthly;5;4
759;Male;21;Non-Swiss;Italian;Jewish;Monthly;3;1
760;Male;22;Swiss;French;Muslim;Never;1;1
761;Female;17;Swiss;Italian;Jewish;Yearly;4;5
762;Male;21;Non-Swiss;Italian;Other;Never;4;5
763;Male;20;Non-Swiss;French;Other;Yearly;2;3
764;Male;17;Swiss;German;Christian;Never;1;1
765;Male;23;Non-Swiss;Italian;Other;Monthly;3;3
766;Female;22;Swiss;Italian;Muslim;Monthly;2;4
767;Female;22;Swiss;French;Jewish;Yearly;5;2
768;Female;23;Swiss;French;Other;Never;3;5
769;Female;26;Non-Swiss;French;Muslim;Weekly;4;2
770;Male;27;Non-Swiss;German;Jewish;Monthly;2;3
771;Female;30;Non-Swiss;German;Christian;Weekly;5;1
772;Female;19;Non-Swiss;Italian;Muslim;Weekly;4;2
773;Female;28;Non-Swiss;French;Christian;Yearly;3;4
774;Female;17;Swiss;French;Muslim;Never;1;2
775;Female;23;Swiss;German;Muslim;Never;2;2
776;Male;18;Swiss;French;Muslim;Weekly;3;2
777;Female;22;Non-Swiss;Italian;Christian;Monthly;1;4
778;Male;24;Non-Swiss;French;Other;Yearly;4;5
779;Female;27;Non-Swiss;German;Muslim;Never;3;2
780;Female;27;Non-Swiss;Italian;Muslim;Yearly;5;4
781;Female;18;Non-Swiss;French;Jewish;Yearly;5;5
782;Female;18;Swiss;German;Christian;Never;5;3
783;Female;18;Non-Swiss;French;Jewish;Weekly;4;4
784;Female;28;Swiss;Italian;Christian;Yearly;5;4
785;Female;27;Non-Swiss;German;Muslim;Monthly;3;1
786;Female;29;Non-Swiss;Italian;Other;Monthly;1;1
787;Female;17;Swiss;French;Other;Yearly;5;3
788;Female;26;Non-Swiss;French;Christian;Never;4;5
789;Female;30;Swiss;German;Muslim;Weekly;2;4
790;Female;30;Swiss;Italian;Muslim;Yearly;3;1
791;Male;25;Swiss;German;Other;Yearly;3;2
792;Female;23;Swiss;French;Christian;Weekly;2;2
793;Female;22;Swiss;Italian;Other;Never;1;3
794;Female;20;Swiss;German;Christian;Never;2;2
795;Female;21;Swiss;Italian;Muslim;Never;5;1
796;Female;18;Swiss;Italian;Jewish;Weekly;3;4
797;Male;17;Swiss;Italian;Jewish;Weekly;3;3
798;Female;19;Non-Swiss;German;Other;Weekly;4;2
799;Female;24;Non-Swiss;French;Other;Yearly;1;2
800;Male;24;Swiss;French;Muslim;Weekly;3;1
801;Male;18;Swiss;German;Other;Monthly;5;1
802;Male;18;Non-Swiss;Italian;Muslim;Yearly;1;4
803;Female;29;Non-Swiss;German;Christian;Never;3;3
804;Female;22;Swiss;French;Other;Yearly;1;2
805;Male;30;Non-Swiss;Italian;Jewish;Never;3;1
806;Male;24;Non-Swiss;Italian;Muslim;Yearly;3;4
807;Male;28;Non-Swiss;Italian;Jewish;Yearly;5;4
808;Male;25;Swiss;Italian;Muslim;Weekly;4;2
809;Male;16;Swiss;Italian;Jewish;Yearly;2;3
810;Male;30;Non-Swiss;French;Jewish;Monthly;2;4
811;Female;16;Swiss;German;Muslim;Monthly;1;5
812;Female;26;Non-Swiss;German;Muslim;Never;3;2
813;Female;21;Non-Swiss;Italian;Other;Yearly;5;3
814;Male;19;Swiss;Italian;Jewish;Weekly;4;1
815;Male;26;Non-Swiss;French;Christian;Yearly;5;5
816;Female;21;Swiss;German;Other;Yearly;2;3
817;Male;20;Non-Swiss;German;Other;Never;3;2
818;Male;24;Non-Swiss;Italian;Other;Monthly;3;1
819;Male;30;Swiss;French;Jewish;Yearly;4;4
820;Male;19;Swiss;Italian;Christian;Monthly;2;1
821;Male;22;Swiss;German;Other;Yearly;5;4
822;Female;20;Non-Swiss;German;Other;Monthly;4;1
823;Male;18;Swiss;German;Jewish;Never;3;1
824;Male;30;Swiss;Italian;Muslim;Never;3;1
825;Female;24;Non-Swiss;German;Jewish;Monthly;2;5
826;Female;25;Non-Swiss;Italian;Christian;Never;5;3
827;Male;20;Swiss;French;Muslim;Never;4;3
828;Female;18;Swiss;German;Jewish;Never;3;1
829;Male;29;Non-Swiss;German;Other;Weekly;5;5
830;Female;23;Swiss;German;Jewish;Never;3;4
831;Male;24;Non-Swiss;Italian;Christian;Never;3;4
832;Female;20;Swiss;German;Christian;Yearly;1;2
833;Female;30;Swiss;German;Christian;Monthly;2;1
834;Male;24;Swiss;French;Other;Monthly;2;1
835;Male;27;Swiss;German;Muslim;Weekly;3;2
836;Male;19;Non-Swiss;French;Other;Yearly;2;5
837;Female;30;Non-Swiss;French;Muslim;Yearly;1;4
838;Female;16;Swiss;Italian;Jewish;Weekly;1;3
839;Male;26;Swiss;German;Christian;Never;1;3
840;Female;17;Swiss;French;Christian;Monthly;4;2
841;Female;21;Non-Swiss;German;Christian;Weekly;4;1
842;Female;19;Swiss;Italian;Christian;Weekly;4;3
843;Female;20;Swiss;French;Jewish;Yearly;2;3
844;Male;25;Non-Swiss;German;Christian;Never;5;4
845;Female;21;Non-Swiss;Italian;Muslim;Monthly;5;2
846;Male;17;Non-Swiss;French;Muslim;Never;4;1
847;Male;29;Non-Swiss;French;Christian;Weekly;2;1
848;Female;20;Swiss;Italian;Muslim;Never;3;5
849;Male;30;Swiss;Italian;Other;Monthly;3;4
850;Male;24;Non-Swiss;German;Muslim;Weekly;3;2
851;Male;28;Swiss;German;Christian;Never;5;2
852;Male;25;Swiss;Italian;Jewish;Monthly;4;5
853;Female;24;Swiss;Italian;Christian;Monthly;3;1
854;Female;16;Swiss;German;Christian;Yearly;4;3
855;Female;21;Swiss;German;Muslim;Weekly;5;5
856;Male;29;Swiss;Italian;Jewish;Yearly;5;2
857;Female;24;Non-Swiss;French;Other;Never;3;2
858;Male;22;Swiss;French;Other;Monthly;2;4
859;Male;28;Non-Swiss;Italian;Muslim;Never;1;4
860;Female;17;Non-Swiss;Italian;Christian;Never;3;2
861;Male;27;Non-Swiss;French;Muslim;Never;5;4
862;Female;30;Non-Swiss;German;Other;Yearly;3;5
863;Male;28;Non-Swiss;Italian;Other;Weekly;4;2
864;Male;19;Swiss;Italian;Muslim;Monthly;1;4
865;Female;30;Non-Swiss;French;Christian;Yearly;1;4
866;Male;27;Non-Swiss;French;Other;Weekly;2;4
867;Male;24;Non-Swiss;German;Other;Yearly;1;1
868;Female;16;Swiss;Italian;Muslim;Never;3;5
869;Male;19;Swiss;German;Other;Never;5;4
870;Male;21;Non-Swiss;Italian;Other;Monthly;3;5
871;Male;29;Non-Swiss;Italian;Christian;Yearly;3;3
872;Male;27;Non-Swiss;French;Other;Yearly;2;5
873;Female;16;Swiss;German;Other;Weekly;3;1
874;Female;20;Swiss;German;Jewish;Never;2;1
875;Female;28;Non-Swiss;French;Jewish;Weekly;5;5
876;Male;29;Swiss;German;Jewish;Yearly;1;4
877;Female;20;Swiss;French;Other;Monthly;4;4
878;Male;23;Non-Swiss;Italian;Christian;Never;4;4
879;Male;20;Swiss;German;Muslim;Never;4;1
880;Male;25;Swiss;German;Other;Monthly;4;3
881;Male;26;Non-Swiss;German;Christian;Weekly;3;4
882;Male;22;Non-Swiss;German;Jewish;Never;1;1
883;Female;30;Swiss;Italian;Christian;Weekly;5;4
884;Female;20;Swiss;Italian;Muslim;Weekly;4;2
885;Female;19;Non-Swiss;German;Jewish;Yearly;1;1
886;Male;19;Swiss;French;Other;Monthly;1;5
887;Male;16;Swiss;Italian;Muslim;Yearly;1;4
888;Female;16;Swiss;French;Christian;Yearly;5;1
889;Female;21;Non-Swiss;German;Muslim;Never;5;2
890;Female;25;Non-Swiss;French;Other;Yearly;3;3
891;Female;27;Swiss;German;Christian;Monthly;2;1
892;Male;29;Swiss;German;Muslim;Yearly;4;4
893;Male;20;Swiss;French;Other;Never;3;3
894;Male;20;Non-Swiss;Italian;Other;Never;2;1
895;Female;23;Non-Swiss;French;Christian;Weekly;5;2
896;Male;27;Non-Swiss;German;Jewish;Never;1;1
897;Female;30;Non-Swiss;French;Muslim;Never;2;1
898;Female;20;Swiss;Italian;Other;Weekly;3;2
899;Female;16;Non-Swiss;German;Jewish;Monthly;1;5
900;Male;16;Non-Swiss;Italian;Muslim;Never;5;2
901;Male;30;Swiss;French;Jewish;Monthly;5;2
902;Female;26;Non-Swiss;Italian;Muslim;Weekly;2;1
903;Male;18;Swiss;French;Other;Weekly;3;1
904;Female;17;Non-Swiss;French;Other;Weekly;4;3
905;Female;19;Non-Swiss;German;Christian;Weekly;2;1
906;Female;22;Non-Swiss;Italian;Muslim;Weekly;5;5
907;Female;22;Non-Swiss;French;Other;Yearly;4;3
908;Male;28;Non-Swiss;Italian;Christian;Monthly;2;5
909;Male;19;Swiss;French;Muslim;Weekly;5;4
910;Female;29;Non-Swiss;German;Jewish;Yearly;1;4
911;Male;22;Swiss;Italian;Muslim;Weekly;2;5
912;Female;19;Swiss;French;Muslim;Never;2;4
913;Female;30;Swiss;French;Muslim;Yearly;4;5
914;Female;18;Non-Swiss;German;Christian;Never;4;5
915;Male;17;Swiss;French;Jewish;Monthly;4;1
916;Male;18;Non-Swiss;German;Muslim;Never;1;2
917;Male;23;Swiss;French;Christian;Monthly;2;1
918;Female;18;Swiss;French;Other;Monthly;3;1
919;Female;27;Non-Swiss;German;Muslim;Monthly;3;5
920;Female;17;Swiss;French;Christian;Never;2;4
921;Female;29;Non-Swiss;Italian;Other;Never;1;5
922;Female;18;Swiss;Italian;Christian;Never;2;3
923;Female;16;Non-Swiss;Italian;Jewish;Yearly;2;1
924;Male;19;Non-Swiss;Italian;Christian;Never;1;3
925;Female;17;Swiss;German;Christian;Yearly;1;2
926;Female;22;Swiss;French;Other;Never;4;4
927;Male;24;Non-Swiss;Italian;Christian;Yearly;1;1
928;Male;28;Swiss;French;Christian;Weekly;3;4
929;Female;19;Swiss;French;Jewish;Monthly;4;2
930;Male;16;Non-Swiss;German;Muslim;Never;4;3
931;Female;23;Non-Swiss;Italian;Jewish;Weekly;3;1
932;Female;22;Non-Swiss;German;Muslim;Weekly;5;2
933;Male;16;Non-Swiss;Italian;Christian;Yearly;3;5
934;Male;18;Swiss;French;Jewish;Yearly;2;4
935;Female;18;Swiss;Italian;Muslim;Yearly;3;2
936;Male;30;Swiss;French;Other;Monthly;5;4
937;Female;25;Swiss;German;Christian;Monthly;5;2
938;Male;22;Non-Swiss;French;Christian;Yearly;2;3
939;Male;28;Non-Swiss;Italian;Other;Never;1;5
940;Female;25;Swiss;French;Muslim;Yearly;4;3
941;Female;20;Swiss;French;Christian;Weekly;5;4
942;Female;18;Swiss;French;Christian;Never;1;2
943;Male;20;Non-Swiss;Italian;Muslim;Never;4;3
944;Female;16;Swiss;French;Muslim;Yearly;2;5
945;Female;29;Swiss;Italian;Muslim;Weekly;5;1
946;Male;22;Swiss;German;Other;Never;1;5
947;Female;30;Non-Swiss;Italian;Jewish;Never;1;2
948;Female;16;Swiss;Italian;Muslim;Monthly;3;3
949;Male;22;Non-Swiss;French;Jewish;Never;3;1
950;Male;25;Swiss;Italian;Muslim;Never;5;3
951;Female;25;Swiss;German;Muslim;Monthly;4;5
952;Female;29;Non-Swiss;German;Jewish;Monthly;5;4
953;Female;29;Swiss;French;Other;Monthly;2;5
954;Female;24;Swiss;German;Jewish;Never;4;5
955;Female;24;Non-Swiss;Italian;Other;Never;5;3
956;Male;20;Non-Swiss;Italian;Christian;Never;3;3
957;Female;17;Non-Swiss;French;Other;Weekly;2;5
958;Female;23;Swiss;Italian;Jewish;Monthly;5;4
959;Female;18;Non-Swiss;German;Muslim;Monthly;3;1
960;Male;16;Non-Swiss;French;Other;Never;2;5
961;Male;18;Non-Swiss;French;Christian;Weekly;2;5
962;Female;23;Non-Swiss;German;Jewish;Yearly;1;3
963;Male;20;Non-Swiss;German;Other;Never;4;1
964;Female;18;Swiss;French;Other;Monthly;3;1
965;Male;23;Non-Swiss;French;Christian;Monthly;3;2
966;Female;22;Swiss;French;Muslim;Yearly;4;3
967;Female;28;Swiss;German;Muslim;Yearly;5;4
968;Female;26;Non-Swiss;French;Muslim;Yearly;3;4
969;Female;29;Non-Swiss;Italian;Muslim;Yearly;2;4
970;Male;20;Swiss;Italian;Christian;Yearly;1;3
971;Male;30;Non-Swiss;French;Other;Weekly;5;1
972;Male;23;Swiss;German;Jewish;Monthly;4;3
973;Male;28;Swiss;Italian;Jewish;Monthly;2;4
974;Male;19;Non-Swiss;French;Jewish;Yearly;5;2
975;Male;23;Non-Swiss;French;Christian;Yearly;3;3
976;Male;18;Non-Swiss;German;Other;Weekly;4;4
977;Female;30;Non-Swiss;French;Christian;Monthly;1;2
978;Male;21;Swiss;Italian;Jewish;Monthly;1;1
979;Male;29;Non-Swiss;German;Jewish;Weekly;4;4
980;Male;27;Non-Swiss;Italian;Jewish;Yearly;3;5
981;Male;17;Non-Swiss;French;Jewish;Yearly;4;4
982;Female;17;Non-Swiss;French;Muslim;Weekly;1;1
983;Female;28;Non-Swiss;German;Muslim;Never;4;2
984;Male;23;Swiss;French;Muslim;Weekly;2;2
985;Male;16;Non-Swiss;German;Other;Weekly;3;4
986;Female;30;Swiss;French;Jewish;Never;5;2
987;Male;26;Swiss;German;Jewish;Monthly;3;5
988;Male;22;Non-Swiss;Italian;Christian;Monthly;1;4
989;Female;28;Non-Swiss;German;Christian;Weekly;3;5
990;Female;19;Non-Swiss;French;Other;Yearly;2;5
991;Male;21;Swiss;German;Jewish;Yearly;2;1
992;Female;28;Non-Swiss;German;Christian;Never;1;1
993;Female;17;Swiss;French;Jewish;Monthly;2;5
994;Female;18;Swiss;German;Christian;Weekly;1;5
995;Female;17;Non-Swiss;Italian;Muslim;Monthly;2;4
996;Female;22;Swiss;French;Muslim;Monthly;4;5
997;Female;24;Swiss;French;Other;Never;2;3
998;Male;30;Non-Swiss;Italian;Jewish;Monthly;4;2
999;Female;20;Swiss;Italian;Other;Weekly;5;4
1000;Male;22;Swiss;German;Muslim;Monthly;1;1
1001;Female;21;Swiss;French;Other;Monthly;3;5
1002;Male;17;Non-Swiss;French;Muslim;Never;2;3
1003;Female;19;Swiss;Italian;Muslim;Weekly;3;3
1004;Male;23;Swiss;German;Muslim;Yearly;3;4
1005;Female;19;Non-Swiss;German;Christian;Yearly;5;2
1006;Female;30;Swiss;French;Muslim;Never;1;5
1007;Male;16;Swiss;Italian;Jewish;Weekly;4;1
1008;Female;19;Swiss;Italian;Muslim;Never;2;2
1009;Female;28;Swiss;Italian;Other;Yearly;3;2
1010;Female;27;Swiss;Italian;Jewish;Never;3;3
1011;Male;22;Non-Swiss;French;Jewish;Weekly;3;1
1012;Male;27;Non-Swiss;Italian;Muslim;Monthly;3;2
1013;Male;27;Non-Swiss;German;Christian;Monthly;3;3
1014;Female;20;Non-Swiss;Italian;Muslim;Yearly;3;2
1015;Female;22;Non-Swiss;Italian;Jewish;Never;2;4
1016;Male;27;Swiss;French;Muslim;Yearly;3;5
1017;Male;28;Swiss;German;Christian;Monthly;1;5
1018;Male;30;Swiss;German;Christian;Never;2;3
1019;Female;22;Non-Swiss;Italian;Other;Yearly;4;1
1020;Male;25;Swiss;French;Jewish;Monthly;5;5
1021;Female;27;Non-Swiss;Italian;Other;Weekly;3;1
1022;Male;19;Non-Swiss;German;Jewish;Weekly;1;5
1023;Female;19;Swiss;German;Other;Never;4;2
1024;Male;16;Non-Swiss;German;Other;Never;4;5
1025;Female;21;Non-Swiss;French;Muslim;Never;2;4
1026;Male;18;Swiss;French;Christian;Weekly;3;3
1027;Male;16;Swiss;French;Other;Weekly;5;4
1028;Female;22;Swiss;Italian;Jewish;Monthly;1;5
1029;Male;24;Swiss;French;Other;Weekly;1;4
1030;Male;24;Swiss;German;Jewish;Monthly;4;1
1031;Female;20;Non-Swiss;Italian;Jewish;Monthly;2;3
1032;Female;19;Swiss;Italian;Other;Never;4;5
1033;Female;20;Swiss;German;Jewish;Never;4;4
1034;Male;19;Non-Swiss;German;Muslim;Never;1;5
1035;Female;25;Swiss;German;Christian;Weekly;3;2
1036;Male;25;Non-Swiss;Italian;Muslim;Never;2;2
1037;Male;17;Non-Swiss;Italian;Other;Never;5;4
1038;Male;16;Non-Swiss;German;Other;Weekly;3;1
1039;Male;25;Swiss;German;Muslim;Yearly;4;5
1040;Male;30;Swiss;German;Christian;Never;5;2
1041;Female;27;Non-Swiss;German;Other;Yearly;5;1
1042;Female;21;Non-Swiss;Italian;Christian;Weekly;2;5
1043;Female;25;Non-Swiss;French;Other;Never;4;3
1044;Female;30;Swiss;French;Jewish;Never;4;4
1045;Male;17;Non-Swiss;Italian;Muslim;Never;3;1
1046;Female;30;Non-Swiss;French;Other;Weekly;3;3
1047;Male;29;Swiss;Italian;Other;Weekly;2;5
1048;Female;22;Swiss;French;Muslim;Never;4;1
1049;Female;26;Non-Swiss;Italian;Christian;Yearly;4;1
1050;Female;21;Non-Swiss;Italian;Jewish;Yearly;1;5
1051;Male;30;Swiss;French;Jewish;Yearly;4;1
1052;Female;17;Swiss;French;Jewish;Monthly;4;4
1053;Male;22;Swiss;Italian;Other;Never;1;3
1054;Female;20;Swiss;German;Other;Yearly;3;4
1055;Female;19;Swiss;French;Other;Weekly;1;3
1056;Male;21;Non-Swiss;German;Jewish;Never;4;3
1057;Male;26;Non-Swiss;French;Other;Weekly;1;4
1058;Male;18;Swiss;French;Other;Yearly;2;5
1059;Female;20;Non-Swiss;Italian;Muslim;Yearly;2;5
1060;Male;30;Swiss;French;Christian;Never;2;4
1061;Female;22;Non-Swiss;Italian;Christian;Monthly;4;4
1062;Female;26;Non-Swiss;German;Muslim;Weekly;3;1
1063;Male;27;Non-Swiss;Italian;Jewish;Never;1;5
1064;Male;17;Non-Swiss;French;Christian;Monthly;1;2
1065;Male;19;Swiss;Italian;Jewish;Never;5;2
1066;Female;25;Non-Swiss;German;Jewish;Never;2;3
1067;Female;29;Non-Swiss;German;Muslim;Never;5;2
1068;Female;26;Swiss;Italian;Christian;Never;2;3
1069;Male;17;Non-Swiss;Italian;Jewish;Weekly;4;1
1070;Male;21;Swiss;German;Jewish;Weekly;4;5
1071;Male;20;Non-Swiss;French;Christian;Never;2;1
1072;Female;29;Swiss;German;Other;Never;1;2
1073;Male;27;Non-Swiss;Italian;Muslim;Never;4;5
1074;Male;27;Non-Swiss;German;Jewish;Weekly;2;4
1075;Male;19;Swiss;Italian;Muslim;Monthly;1;2
1076;Male;23;Swiss;Italian;Muslim;Weekly;3;2
1077;Male;27;Non-Swiss;French;Other;Monthly;3;5
1078;Female;27;Non-Swiss;Italian;Jewish;Yearly;5;4
1079;Male;18;Non-Swiss;Italian;Other;Never;2;3
1080;Male;19;Swiss;German;Muslim;Yearly;5;5
1081;Female;29;Swiss;German;Muslim;Never;5;3
1082;Female;28;Non-Swiss;French;Muslim;Yearly;5;2
1083;Male;24;Swiss;Italian;Christian;Weekly;4;5
1084;Male;21;Non-Swiss;Italian;Other;Monthly;1;1
1085;Male;17;Non-Swiss;Italian;Muslim;Weekly;4;4
1086;Male;16;Swiss;French;Other;Weekly;1;1
1087;Female;30;Non-Swiss;German;Muslim;Never;4;1
1088;Male;19;Swiss;French;Christian;Yearly;5;3
1089;Female;29;Non-Swiss;French;Jewish;Yearly;3;1
1090;Male;29;Non-Swiss;German;Muslim;Yearly;5;4
1091;Male;20;Swiss;French;Christian;Weekly;2;3
1092;Female;30;Non-Swiss;French;Other;Never;4;5
1093;Male;27;Swiss;German;Jewish;Monthly;3;1
1094;Male;25;Non-Swiss;French;Jewish;Yearly;3;1
1095;Female;28;Swiss;Italian;Jewish;Yearly;5;4
1096;Female;19;Non-Swiss;French;Jewish;Never;4;5
1097;Female;26;Non-Swiss;French;Jewish;Weekly;1;1
1098;Female;17;Swiss;Italian;Christian;Weekly;1;2
1099;Female;20;Non-Swiss;Italian;Jewish;Monthly;2;1
1100;Female;28;Swiss;German;Jewish;Weekly;5;4
1101;Female;19;Non-Swiss;German;Muslim;Weekly;1;1
1102;Male;26;Swiss;German;Jewish;Weekly;5;4
1103;Female;27;Non-Swiss;French;Other;Yearly;1;1
1104;Male;26;Non-Swiss;Italian;Muslim;Weekly;5;2
1105;Male;23;Swiss;Italian;Christian;Monthly;4;5
1106;Female;27;Swiss;French;Christian;Monthly;2;4
1107;Female;26;Swiss;French;Other;Yearly;2;1
1108;Male;17;Non-Swiss;German;Christian;Weekly;3;5
1109;Female;21;Non-Swiss;German;Jewish;Monthly;3;5
1110;Female;23;Swiss;German;Muslim;Weekly;5;4
1111;Female;17;Non-Swiss;German;Other;Monthly;3;3
1112;Female;27;Swiss;German;Jewish;Weekly;1;4
1113;Male;29;Swiss;Italian;Other;Yearly;5;2
1114;Male;28;Non-Swiss;Italian;Jewish;Monthly;3;3
1115;Male;23;Swiss;German;Christian;Never;1;4
1116;Female;22;Swiss;Italian;Jewish;Weekly;2;2
1117;Female;29;Swiss;Italian;Christian;Never;1;2
1118;Male;21;Swiss;French;Jewish;Yearly;2;3
1119;Male;25;Non-Swiss;French;Other;Yearly;1;3
1120;Female;22;Swiss;French;Jewish;Never;1;5
1121;Male;29;Swiss;Italian;Muslim;Yearly;2;1
1122;Male;18;Swiss;French;Other;Never;4;5
1123;Female;16;Non-Swiss;German;Muslim;Monthly;2;4
1124;Male;19;Swiss;German;Muslim;Weekly;2;5
1125;Male;26;Non-Swiss;French;Other;Yearly;1;5
1126;Female;25;Swiss;Italian;Muslim;Never;4;2
1127;Female;19;Swiss;Italian;Christian;Yearly;4;4
1128;Male;17;Non-Swiss;French;Muslim;Monthly;1;4
1129;Male;28;Non-Swiss;German;Jewish;Yearly;3;5
1130;Male;21;Swiss;Italian;Muslim;Monthly;4;1
1131;Female;21;Non-Swiss;Italian;Christian;Never;4;1
1132;Female;25;Swiss;German;Other;Monthly;1;2
1133;Male;28;Swiss;Italian;Christian;Never;3;3
1134;Female;24;Non-Swiss;Italian;Christian;Monthly;1;4
1135;Male;18;Swiss;French;Other;Monthly;3;2
1136;Male;29;Non-Swiss;German;Christian;Never;4;1
1137;Female;23;Swiss;German;Christian;Weekly;5;3
1138;Female;27;Non-Swiss;Italian;Jewish;Weekly;1;3
1139;Female;29;Non-Swiss;Italian;Other;Monthly;3;4
1140;Male;18;Swiss;French;Muslim;Weekly;3;5
1141;Male;27;Swiss;German;Muslim;Weekly;1;4
1142;Male;18;Non-Swiss;French;Other;Monthly;3;3
1143;Male;27;Non-Swiss;Italian;Christian;Yearly;4;4
1144;Female;20;Non-Swiss;German;Christian;Yearly;3;1
1145;Female;24;Swiss;Italian;Jewish;Weekly;4;2
1146;Male;26;Non-Swiss;German;Other;Yearly;1;2
1147;Female;24;Swiss;Italian;Other;Monthly;1;2
1148;Female;29;Swiss;Italian;Jewish;Weekly;2;1
1149;Male;29;Non-Swiss;German;Jewish;Weekly;3;1
1150;Male;25;Swiss;Italian;Jewish;Monthly;2;2
1151;Female;29;Non-Swiss;Italian;Jewish;Never;1;3
1152;Male;19;Non-Swiss;German;Christian;Weekly;3;4
1153;Female;18;Non-Swiss;French;Other;Never;2;5
1154;Female;17;Non-Swiss;German;Other;Monthly;3;1
1155;Male;28;Swiss;Italian;Christian;Weekly;5;3
1156;Female;17;Swiss;Italian;Jewish;Never;4;4
1157;Male;26;Swiss;German;Christian;Never;2;3
1158;Female;27;Non-Swiss;Italian;Christian;Never;1;4
1159;Male;24;Swiss;German;Other;Monthly;5;3
1160;Male;25;Non-Swiss;German;Muslim;Monthly;1;3
1161;Female;27;Non-Swiss;German;Jewish;Monthly;2;2
1162;Female;16;Swiss;French;Muslim;Weekly;3;2
1163;Female;21;Non-Swiss;Italian;Other;Yearly;3;3
1164;Female;18;Swiss;Italian;Muslim;Monthly;2;1
1165;Male;17;Swiss;German;Muslim;Never;5;5
1166;Male;17;Swiss;Italian;Jewish;Weekly;4;5
1167;Male;23;Swiss;German;Muslim;Yearly;1;4
1168;Female;18;Non-Swiss;French;Other;Yearly;5;3
1169;Female;25;Swiss;Italian;Christian;Yearly;4;5
1170;Male;28;Swiss;Italian;Christian;Never;1;5
1171;Male;25;Swiss;French;Christian;Monthly;3;2
1172;Male;21;Non-Swiss;German;Christian;Monthly;3;2
1173;Female;26;Swiss;French;Christian;Yearly;4;5
1174;Female;29;Swiss;Italian;Other;Weekly;4;4
1175;Female;28;Non-Swiss;German;Christian;Yearly;3;1
1176;Male;28;Swiss;Italian;Jewish;Yearly;3;3
1177;Male;30;Non-Swiss;Italian;Christian;Weekly;4;5
1178;Male;28;Swiss;French;Jewish;Monthly;5;5
1179;Female;28;Non-Swiss;Italian;Other;Weekly;3;1
1180;Male;27;Swiss;French;Muslim;Monthly;3;4
1181;Female;18;Non-Swiss;French;Muslim;Yearly;4;3
1182;Male;26;Swiss;German;Jewish;Never;5;2
1183;Female;21;Non-Swiss;French;Christian;Yearly;2;2
1184;Male;16;Non-Swiss;French;Muslim;Monthly;1;3
1185;Male;28;Swiss;Italian;Jewish;Monthly;4;4
1186;Female;26;Swiss;German;Other;Yearly;1;1
1187;Female;28;Non-Swiss;German;Jewish;Yearly;3;4
1188;Male;20;Swiss;German;Christian;Never;3;3
1189;Male;30;Non-Swiss;German;Other;Monthly;3;1
1190;Male;22;Swiss;French;Christian;Never;2;1
1191;Female;17;Non-Swiss;Italian;Jewish;Monthly;3;5
1192;Female;16;Non-Swiss;French;Christian;Weekly;5;5
1193;Female;27;Swiss;French;Other;Yearly;3;1
1194;Male;17;Swiss;German;Muslim;Monthly;4;2
1195;Female;23;Swiss;French;Jewish;Never;5;2
1196;Female;24;Swiss;French;Other;Monthly;3;2
1197;Male;28;Swiss;French;Jewish;Yearly;2;1
1198;Female;18;Non-Swiss;German;Christian;Weekly;4;1
1199;Female;16;Swiss;Italian;Other;Monthly;2;2
1200;Male;18;Swiss;Italian;Other;Never;1;4
1201;Male;30;Non-Swiss;German;Muslim;Never;5;2
1202;Female;18;Non-Swiss;Italian;Muslim;Weekly;1;1
1203;Female;28;Non-Swiss;German;Christian;Never;2;2
1204;Female;25;Swiss;French;Christian;Yearly;5;3
1205;Female;23;Non-Swiss;Italian;Christian;Yearly;4;1
1206;Female;21;Non-Swiss;Italian;Christian;Weekly;4;4
1207;Male;25;Swiss;French;Jewish;Weekly;2;1
1208;Female;24;Non-Swiss;French;Other;Weekly;1;3
1209;Male;30;Swiss;German;Christian;Monthly;5;1
1210;Male;30;Non-Swiss;German;Jewish;Monthly;5;4
1211;Male;24;Non-Swiss;Italian;Muslim;Monthly;1;5
1212;Male;25;Swiss;French;Christian;Monthly;1;2
1213;Male;22;Swiss;Italian;Christian;Yearly;1;1
1214;Male;27;Swiss;Italian;Christian;Weekly;1;5
1215;Female;16;Swiss;French;Jewish;Never;4;4
1216;Male;21;Swiss;Italian;Muslim;Weekly;2;1
1217;Female;29;Swiss;French;Muslim;Never;5;3
1218;Male;24;Swiss;Italian;Muslim;Never;5;1
1219;Male;22;Non-Swiss;Italian;Christian;Weekly;2;3
1220;Female;27;Non-Swiss;French;Jewish;Yearly;5;2
1221;Female;21;Swiss;French;Other;Yearly;3;3
1222;Male;17;Non-Swiss;German;Other;Never;4;4
1223;Female;19;Non-Swiss;French;Christian;Monthly;2;5
1224;Male;25;Non-Swiss;Italian;Jewish;Never;2;1
1225;Male;23;Non-Swiss;French;Jewish;Never;5;5
1226;Female;24;Non-Swiss;Italian;Other;Yearly;1;5
1227;Male;21;Non-Swiss;Italian;Muslim;Never;5;3
1228;Male;22;Non-Swiss;German;Jewish;Never;1;5
1229;Female;29;Non-Swiss;German;Jewish;Weekly;3;5
1230;Male;27;Swiss;Italian;Jewish;Monthly;1;2
1231;Male;24;Swiss;German;Jewish;Yearly;4;3
1232;Male;28;Swiss;German;Jewish;Never;4;2
1233;Female;28;Swiss;German;Other;Never;1;1
1234;Male;24;Swiss;French;Muslim;Yearly;1;3
1235;Male;25;Swiss;Italian;Christian;Monthly;3;3
1236;Male;23;Non-Swiss;French;Other;Weekly;2;3
1237;Female;19;Non-Swiss;French;Christian;Yearly;3;4
1238;Female;25;Non-Swiss;German;Other;Yearly;4;2
1239;Female;21;Non-Swiss;French;Muslim;Monthly;3;3
1240;Male;18;Non-Swiss;French;Muslim;Yearly;1;5
1241;Female;24;Non-Swiss;French;Christian;Yearly;2;2
1242;Male;29;Swiss;French;Muslim;Yearly;5;4
1243;Female;27;Non-Swiss;French;Muslim;Monthly;1;5
1244;Male;22;Swiss;German;Christian;Yearly;3;3
1245;Male;16;Swiss;French;Christian;Weekly;5;1
1246;Female;22;Swiss;Italian;Other;Weekly;4;1
1247;Female;22;Swiss;German;Other;Never;4;3
1248;Male;23;Non-Swiss;German;Other;Weekly;3;4
1249;Male;18;Non-Swiss;German;Christian;Monthly;3;2
1250;Male;25;Swiss;German;Muslim;Weekly;2;5
1251;Male;25;Non-Swiss;German;Jewish;Weekly;5;1
1252;Female;23;Non-Swiss;French;Other;Monthly;1;1
1253;Male;27;Non-Swiss;Italian;Other;Monthly;3;5
1254;Male;20;Swiss;Italian;Muslim;Monthly;2;3
1255;Male;17;Non-Swiss;Italian;Jewish;Yearly;3;4
1256;Male;23;Swiss;German;Other;Monthly;2;4
1257;Male;20;Swiss;French;Other;Monthly;5;4
1258;Female;24;Non-Swiss;German;Muslim;Yearly;2;1
1259;Male;30;Non-Swiss;French;Muslim;Yearly;4;4
1260;Male;17;Swiss;German;Christian;Never;4;3
1261;Female;27;Non-Swiss;French;Christian;Never;1;3
1262;Male;20;Swiss;Italian;Christian;Yearly;5;1
1263;Male;20;Non-Swiss;Italian;Other;Yearly;4;1
1264;Male;23;Non-Swiss;French;Christian;Yearly;4;4
1265;Male;28;Non-Swiss;Italian;Christian;Weekly;3;5
1266;Male;23;Swiss;German;Jewish;Monthly;4;2
1267;Female;29;Swiss;French;Christian;Monthly;2;1
1268;Female;16;Non-Swiss;German;Jewish;Monthly;5;4
1269;Male;21;Swiss;French;Jewish;Weekly;2;1
1270;Female;23;Non-Swiss;Italian;Muslim;Yearly;1;3
1271;Female;23;Swiss;Italian;Christian;Weekly;5;2
1272;Female;26;Non-Swiss;German;Other;Never;3;1
1273;Male;24;Swiss;French;Other;Never;5;2
1274;Male;19;Swiss;French;Jewish;Monthly;5;2
1275;Male;22;Swiss;French;Muslim;Weekly;4;2
1276;Female;28;Swiss;German;Christian;Never;4;1
1277;Male;24;Swiss;German;Other;Yearly;5;1
1278;Male;21;Swiss;Italian;Other;Monthly;4;2
1279;Male;29;Non-Swiss;German;Jewish;Yearly;4;1
1280;Female;28;Swiss;French;Christian;Yearly;2;5
1281;Male;25;Non-Swiss;German;Jewish;Never;5;2
1282;Male;18;Swiss;French;Muslim;Never;1;4
1283;Male;21;Non-Swiss;German;Other;Never;4;5
1284;Female;26;Non-Swiss;German;Muslim;Never;5;3
1285;Female;17;Non-Swiss;Italian;Muslim;Monthly;4;2
1286;Male;23;Non-Swiss;Italian;Muslim;Monthly;1;1
1287;Female;24;Non-Swiss;Italian;Muslim;Yearly;1;3
1288;Female;23;Swiss;German;Christian;Never;5;4
1289;Male;22;Swiss;French;Christian;Weekly;2;2
1290;Female;21;Non-Swiss;German;Other;Yearly;1;4
1291;Male;24;Non-Swiss;French;Christian;Monthly;1;4
1292;Male;29;Swiss;French;Christian;Never;2;2
1293;Male;16;Non-Swiss;French;Christian;Monthly;5;2
1294;Male;18;Non-Swiss;French;Muslim;Never;5;1
1295;Male;28;Swiss;German;Jewish;Weekly;4;3
1296;Female;19;Non-Swiss;French;Other;Weekly;4;5
1297;Male;29;Swiss;French;Muslim;Weekly;3;4
1298;Male;19;Non-Swiss;German;Other;Never;4;1
1299;Female;26;Non-Swiss;German;Other;Weekly;4;5
1300;Female;27;Non-Swiss;French;Jewish;Never;3;1
1301;Male;24;Non-Swiss;Italian;Other;Weekly;1;4
1302;Male;25;Non-Swiss;German;Muslim;Monthly;4;1
1303;Male;28;Swiss;German;Muslim;Never;2;1
1304;Male;19;Swiss;Italian;Muslim;Yearly;4;2
1305;Female;19;Non-Swiss;German;Other;Never;2;4
1306;Male;19;Swiss;Italian;Other;Yearly;2;4
1307;Female;23;Non-Swiss;French;Muslim;Never;5;4
1308;Male;21;Swiss;Italian;Other;Yearly;4;4
1309;Male;28;Non-Swiss;Italian;Christian;Monthly;1;2
1310;Male;28;Swiss;French;Muslim;Weekly;2;5
1311;Male;16;Non-Swiss;Italian;Muslim;Yearly;5;5
1312;Male;21;Non-Swiss;Italian;Jewish;Weekly;2;3
1313;Female;20;Non-Swiss;Italian;Christian;Weekly;5;1
1314;Female;27;Non-Swiss;French;Jewish;Never;5;3
1315;Male;30;Non-Swiss;French;Christian;Weekly;3;5
1316;Male;25;Swiss;German;Muslim;Weekly;1;5
1317;Male;25;Non-Swiss;Italian;Muslim;Never;2;3
1318;Male;25;Swiss;Italian;Jewish;Never;5;4
1319;Female;30;Non-Swiss;French;Muslim;Monthly;3;2
1320;Female;28;Non-Swiss;Italian;Christian;Yearly;3;3
1321;Male;28;Swiss;German;Other;Weekly;5;3
1322;Male;18;Swiss;German;Christian;Never;3;5
1323;Female;28;Swiss;Italian;Jewish;Yearly;2;2
1324;Female;20;Swiss;French;Other;Yearly;1;4
1325;Male;29;Swiss;German;Jewish;Yearly;4;3
1326;Female;26;Non-Swiss;Italian;Christian;Yearly;3;2
1327;Female;29;Non-Swiss;German;Muslim;Yearly;4;1
1328;Male;25;Non-Swiss;German;Muslim;Yearly;3;3
1329;Male;17;Swiss;Italian;Jewish;Yearly;4;4
1330;Male;30;Swiss;Italian;Other;Yearly;3;3
1331;Female;29;Non-Swiss;French;Other;Weekly;3;1
1332;Male;28;Swiss;German;Other;Monthly;1;5
1333;Male;21;Swiss;Italian;Other;Monthly;4;1
1334;Male;18;Swiss;German;Christian;Never;1;5
1335;Female;25;Non-Swiss;German;Jewish;Weekly;1;3
1336;Female;25;Non-Swiss;French;Muslim;Weekly;4;2
1337;Male;28;Non-Swiss;French;Christian;Yearly;1;1
1338;Female;25;Non-Swiss;Italian;Muslim;Yearly;5;2
1339;Male;29;Non-Swiss;Italian;Christian;Yearly;2;5
1340;Male;20;Swiss;French;Muslim;Monthly;5;3
1341;Female;19;Non-Swiss;German;Other;Never;4;4
1342;Female;16;Non-Swiss;French;Muslim;Monthly;3;3
1343;Male;23;Non-Swiss;German;Muslim;Monthly;2;5
1344;Male;23;Swiss;French;Christian;Yearly;2;2
1345;Female;22;Swiss;German;Muslim;Yearly;4;5
1346;Female;20;Non-Swiss;French;Other;Monthly;4;3
1347;Female;24;Swiss;French;Jewish;Yearly;3;3
1348;Female;17;Non-Swiss;French;Other;Monthly;2;3
1349;Female;24;Swiss;German;Muslim;Weekly;4;3
1350;Female;22;Swiss;Italian;Muslim;Weekly;1;5
1351;Male;28;Swiss;Italian;Other;Never;2;1
1352;Female;28;Non-Swiss;German;Jewish;Monthly;3;2
1353;Female;21;Swiss;German;Christian;Weekly;5;2
1354;Male;16;Non-Swiss;German;Other;Yearly;2;3
1355;Male;16;Swiss;French;Jewish;Yearly;2;1
1356;Male;30;Swiss;French;Muslim;Never;3;1
1357;Male;22;Non-Swiss;German;Muslim;Never;5;3
1358;Female;27;Non-Swiss;French;Muslim;Yearly;2;3
1359;Female;27;Swiss;Italian;Other;Monthly;2;1
1360;Female;30;Swiss;Italian;Muslim;Weekly;5;3
1361;Female;27;Non-Swiss;Italian;Other;Weekly;3;5
1362;Male;29;Swiss;French;Other;Yearly;4;4
1363;Female;25;Non-Swiss;Italian;Christian;Monthly;3;5
1364;Female;27;Non-Swiss;Italian;Other;Weekly;3;5
1365;Female;20;Swiss;German;Christian;Weekly;5;1
1366;Female;18;Swiss;Italian;Christian;Weekly;2;3
1367;Female;26;Non-Swiss;Italian;Muslim;Yearly;3;1
1368;Male;26;Non-Swiss;German;Jewish;Never;4;5
1369;Female;24;Swiss;German;Jewish;Never;2;3
1370;Female;27;Non-Swiss;Italian;Jewish;Monthly;3;2
1371;Male;26;Non-Swiss;French;Christian;Yearly;2;2
1372;Female;30;Swiss;French;Jewish;Weekly;2;2
1373;Female;27;Swiss;French;Other;Weekly;5;5
1374;Female;23;Non-Swiss;French;Muslim;Weekly;1;3
1375;Male;23;Swiss;French;Jewish;Monthly;4;3
1376;Female;25;Swiss;German;Jewish;Yearly;2;3
1377;Male;19;Non-Swiss;German;Muslim;Weekly;1;5
1378;Male;17;Non-Swiss;French;Jewish;Never;4;1
1379;Male;16;Non-Swiss;German;Jewish;Yearly;5;5
1380;Female;16;Non-Swiss;German;Jewish;Monthly;3;1
1381;Male;25;Non-Swiss;German;Christian;Yearly;3;1
1382;Female;30;Swiss;French;Muslim;Monthly;1;1
1383;Male;22;Swiss;Italian;Other;Weekly;3;3
1384;Male;24;Swiss;French;Christian;Yearly;1;3
1385;Female;27;Non-Swiss;German;Muslim;Never;2;4
1386;Male;22;Non-Swiss;German;Muslim;Monthly;3;3
1387;Male;18;Swiss;German;Muslim;Weekly;4;2
1388;Male;18;Non-Swiss;German;Jewish;Weekly;3;1
1389;Female;18;Swiss;German;Other;Monthly;5;4
1390;Female;19;Non-Swiss;Italian;Jewish;Never;3;4
1391;Male;17;Swiss;Italian;Jewish;Never;4;4
1392;Male;30;Swiss;Italian;Jewish;Never;5;5
1393;Male;30;Swiss;German;Muslim;Monthly;3;3
1394;Male;26;Swiss;French;Muslim;Weekly;3;1
1395;Female;25;Swiss;German;Muslim;Weekly;4;1
1396;Female;26;Swiss;Italian;Other;Yearly;1;5
1397;Male;18;Swiss;French;Christian;Monthly;5;4
1398;Female;30;Swiss;Italian;Muslim;Monthly;5;3
1399;Female;29;Non-Swiss;Italian;Other;Monthly;4;4
1400;Male;26;Non-Swiss;French;Christian;Never;3;2
1401;Male;22;Swiss;French;Jewish;Monthly;1;3
1402;Female;29;Non-Swiss;German;Muslim;Weekly;5;4
1403;Male;22;Non-Swiss;German;Other;Yearly;5;5
1404;Female;22;Swiss;Italian;Muslim;Weekly;5;1
1405;Female;24;Non-Swiss;French;Muslim;Monthly;2;3
1406;Female;30;Non-Swiss;German;Christian;Monthly;5;5
1407;Male;27;Non-Swiss;Italian;Other;Never;5;2
1408;Female;29;Swiss;Italian;Muslim;Monthly;4;1
1409;Male;20;Swiss;French;Christian;Weekly;3;1
1410;Female;29;Swiss;German;Muslim;Yearly;3;3
1411;Male;16;Swiss;German;Jewish;Monthly;4;4
1412;Male;19;Swiss;German;Other;Monthly;5;4
1413;Male;18;Swiss;Italian;Muslim;Never;4;4
1414;Male;17;Non-Swiss;German;Christian;Yearly;3;3
1415;Female;23;Swiss;Italian;Christian;Yearly;3;2
1416;Female;16;Non-Swiss;German;Other;Weekly;2;4
1417;Female;30;Non-Swiss;German;Christian;Weekly;2;1
1418;Male;17;Non-Swiss;German;Jewish;Weekly;3;2
1419;Male;23;Swiss;German;Other;Weekly;3;4
1420;Male;18;Non-Swiss;French;Muslim;Monthly;3;2
1421;Female;21;Swiss;Italian;Christian;Never;5;1
1422;Female;30;Swiss;French;Muslim;Monthly;1;3
1423;Male;30;Swiss;Italian;Other;Never;3;5
1424;Male;21;Non-Swiss;Italian;Other;Yearly;4;1
1425;Male;28;Swiss;Italian;Jewish;Never;2;3
1426;Male;29;Non-Swiss;German;Muslim;Yearly;2;5
1427;Male;30;Swiss;French;Muslim;Yearly;1;4
1428;Female;19;Swiss;French;Muslim;Yearly;3;4
1429;Male;17;Swiss;German;Muslim;Weekly;5;5
1430;Female;19;Swiss;Italian;Muslim;Monthly;4;5
1431;Male;20;Swiss;French;Christian;Weekly;1;5
1432;Male;18;Swiss;German;Jewish;Yearly;4;3
1433;Male;17;Swiss;French;Jewish;Monthly;3;2
1434;Male;23;Swiss;Italian;Muslim;Yearly;1;4
1435;Male;18;Swiss;Italian;Muslim;Weekly;3;2
1436;Female;23;Non-Swiss;Italian;Muslim;Never;2;2
1437;Male;26;Swiss;French;Other;Monthly;3;1
1438;Female;19;Non-Swiss;German;Other;Never;2;5
1439;Female;28;Swiss;French;Jewish;Yearly;5;4
1440;Female;18;Swiss;Italian;Christian;Monthly;2;4
1441;Female;18;Non-Swiss;French;Christian;Monthly;2;4
1442;Female;28;Non-Swiss;Italian;Other;Yearly;1;5
1443;Male;21;Swiss;German;Christian;Yearly;4;3
1444;Female;20;Non-Swiss;French;Christian;Monthly;2;3
1445;Male;24;Swiss;German;Other;Yearly;2;4
1446;Female;25;Non-Swiss;Italian;Christian;Weekly;2;1
1447;Female;18;Non-Swiss;German;Other;Yearly;2;1
1448;Female;22;Non-Swiss;French;Christian;Weekly;4;2
1449;Female;21;Non-Swiss;French;Other;Monthly;1;3
1450;Male;24;Swiss;Italian;Christian;Yearly;5;3
1451;Female;30;Non-Swiss;Italian;Other;Weekly;1;2
1452;Female;30;Non-Swiss;Italian;Jewish;Never;2;5
1453;Female;27;Non-Swiss;French;Christian;Monthly;5;1
1454;Male;28;Swiss;German;Jewish;Monthly;4;4
1455;Female;30;Non-Swiss;French;Christian;Weekly;4;3
1456;Male;25;Swiss;German;Christian;Never;4;2
1457;Male;29;Non-Swiss;French;Muslim;Monthly;3;5
1458;Female;20;Swiss;French;Christian;Weekly;2;4
1459;Female;26;Non-Swiss;Italian;Jewish;Weekly;5;4
1460;Female;28;Non-Swiss;Italian;Muslim;Weekly;2;4
1461;Male;30;Non-Swiss;Italian;Christian;Never;1;3
1462;Female;18;Swiss;Italian;Christian;Weekly;5;5
1463;Female;26;Non-Swiss;German;Christian;Never;5;3
1464;Female;30;Non-Swiss;Italian;Other;Monthly;2;4
1465;Female;21;Non-Swiss;French;Christian;Never;5;1
1466;Female;29;Non-Swiss;French;Other;Weekly;2;5
1467;Male;30;Swiss;German;Christian;Monthly;2;4
1468;Female;25;Swiss;Italian;Jewish;Never;4;1
1469;Male;20;Swiss;French;Muslim;Monthly;5;2
1470;Male;20;Swiss;German;Muslim;Never;3;5
1471;Female;25;Non-Swiss;Italian;Jewish;Weekly;2;2
1472;Female;25;Swiss;Italian;Other;Monthly;4;1
1473;Male;30;Swiss;German;Jewish;Yearly;4;3
1474;Male;24;Swiss;German;Jewish;Monthly;3;3
1475;Female;28;Non-Swiss;German;Jewish;Monthly;5;3
1476;Female;19;Swiss;French;Muslim;Weekly;1;3
1477;Female;25;Swiss;French;Muslim;Never;2;1
1478;Male;28;Swiss;Italian;Christian;Yearly;3;4
1479;Female;18;Swiss;French;Jewish;Never;3;3
1480;Male;19;Swiss;French;Jewish;Weekly;5;1
1481;Male;19;Swiss;Italian;Christian;Weekly;3;5
1482;Male;28;Swiss;French;Muslim;Never;3;1
1483;Male;30;Swiss;French;Jewish;Weekly;1;4
1484;Female;28;Swiss;German;Christian;Never;2;3
1485;Female;17;Swiss;German;Other;Weekly;5;3
1486;Male;27;Non-Swiss;Italian;Muslim;Never;1;3
1487;Male;28;Non-Swiss;Italian;Christian;Monthly;5;5
1488;Female;26;Swiss;German;Other;Yearly;1;4
1489;Male;30;Non-Swiss;German;Muslim;Monthly;5;4
1490;Female;23;Non-Swiss;Italian;Muslim;Monthly;4;5
1491;Male;27;Non-Swiss;German;Muslim;Yearly;4;3
1492;Female;17;Non-Swiss;German;Other;Yearly;1;5
1493;Male;18;Swiss;Italian;Muslim;Monthly;3;2
1494;Male;23;Non-Swiss;French;Other;Yearly;3;4
1495;Female;17;Swiss;Italian;Christian;Never;1;1
1496;Female;25;Non-Swiss;Italian;Christian;Weekly;5;1
1497;Female;25;Non-Swiss;Italian;Other;Monthly;5;1
1498;Female;28;Non-Swiss;Italian;Jewish;Yearly;4;4
1499;Female;16;Non-Swiss;German;Jewish;Monthly;1;4
1500;Male;28;Swiss;French;Jewish;Yearly;1;3
1501;Female;25;Non-Swiss;French;Christian;Weekly;3;3
1502;Female;26;Swiss;Italian;Christian;Never;1;5
1503;Male;18;Swiss;Italian;Other;Yearly;1;1
1504;Male;21;Non-Swiss;German;Muslim;Monthly;3;4
1505;Female;26;Non-Swiss;French;Jewish;Monthly;5;1
1506;Male;24;Non-Swiss;French;Other;Never;4;2
1507;Male;19;Non-Swiss;Italian;Christian;Yearly;4;2
1508;Male;18;Swiss;French;Other;Monthly;3;3
1509;Male;25;Non-Swiss;French;Jewish;Yearly;5;2
1510;Male;17;Swiss;French;Christian;Monthly;1;4
1511;Male;28;Non-Swiss;French;Jewish;Never;4;4
1512;Female;20;Non-Swiss;German;Other;Monthly;2;1
1513;Male;24;Swiss;Italian;Jewish;Yearly;1;2
1514;Female;17;Non-Swiss;German;Muslim;Never;1;4
1515;Female;21;Swiss;German;Muslim;Weekly;2;3
1516;Male;19;Swiss;German;Other;Weekly;5;1
1517;Female;28;Swiss;Italian;Jewish;Monthly;3;1
1518;Female;30;Swiss;German;Christian;Never;5;5
1519;Female;16;Non-Swiss;French;Other;Weekly;3;5
1520;Female;27;Swiss;German;Jewish;Never;3;4
1521;Male;16;Swiss;French;Christian;Monthly;4;5
1522;Female;18;Swiss;German;Other;Weekly;3;5
1523;Male;16;Swiss;German;Jewish;Weekly;4;2
1524;Female;26;Swiss;Italian;Christian;Never;3;3
1525;Male;18;Swiss;German;Christian;Monthly;2;3
1526;Male;18;Swiss;Italian;Jewish;Yearly;2;4
1527;Male;20;Swiss;Italian;Muslim;Yearly;3;2
1528;Male;26;Swiss;German;Jewish;Yearly;3;2
1529;Male;24;Swiss;French;Christian;Never;5;1
1530;Male;23;Non-Swiss;Italian;Muslim;Yearly;5;1
1531;Male;22;Non-Swiss;French;Christian;Never;1;5
1532;Male;21;Swiss;Italian;Other;Never;1;4
1533;Female;23;Swiss;French;Muslim;Yearly;5;5
1534;Male;22;Swiss;German;Muslim;Monthly;4;3
1535;Male;24;Swiss;French;Muslim;Weekly;3;5
1536;Male;21;Swiss;French;Muslim;Weekly;4;3
1537;Female;21;Swiss;French;Other;Yearly;2;4
1538;Male;25;Non-Swiss;Italian;Christian;Monthly;3;5
1539;Male;20;Non-Swiss;French;Other;Yearly;1;4
1540;Female;18;Swiss;French;Other;Monthly;1;1
1541;Male;30;Non-Swiss;French;Christian;Never;4;2
1542;Male;20;Swiss;Italian;Other;Weekly;4;2
1543;Female;18;Swiss;Italian;Christian;Weekly;2;4
1544;Female;28;Swiss;German;Christian;Yearly;3;5
1545;Female;18;Non-Swiss;French;Christian;Yearly;1;4
1546;Male;26;Swiss;Italian;Muslim;Monthly;5;1
1547;Female;27;Non-Swiss;German;Muslim;Yearly;1;5
1548;Female;25;Non-Swiss;Italian;Jewish;Weekly;3;4
1549;Male;26;Swiss;Italian;Muslim;Never;2;2
1550;Female;25;Non-Swiss;Italian;Jewish;Weekly;4;5
1551;Male;20;Non-Swiss;French;Other;Never;1;4
1552;Male;19;Non-Swiss;German;Muslim;Weekly;1;3
1553;Female;17;Non-Swiss;Italian;Other;Weekly;4;2
1554;Female;27;Swiss;French;Jewish;Weekly;4;1
1555;Male;24;Swiss;German;Muslim;Weekly;2;5
1556;Male;24;Non-Swiss;French;Christian;Weekly;1;3
1557;Male;17;Non-Swiss;German;Christian;Weekly;1;4
1558;Male;17;Non-Swiss;Italian;Jewish;Weekly;1;2
1559;Female;26;Non-Swiss;German;Other;Never;4;3
1560;Female;20;Non-Swiss;German;Christian;Yearly;1;4
1561;Female;24;Non-Swiss;German;Christian;Weekly;2;3
1562;Female;26;Swiss;German;Other;Weekly;3;2
1563;Male;17;Swiss;French;Muslim;Monthly;2;3
1564;Female;24;Non-Swiss;Italian;Jewish;Monthly;3;4
1565;Female;20;Non-Swiss;French;Muslim;Monthly;2;5
1566;Female;26;Swiss;Italian;Other;Yearly;3;4
1567;Male;30;Swiss;German;Christian;Yearly;3;5
1568;Female;24;Swiss;Italian;Christian;Monthly;3;2
1569;Female;20;Swiss;French;Christian;Monthly;2;1
1570;Female;25;Swiss;German;Muslim;Never;4;4
1571;Female;19;Non-Swiss;Italian;Jewish;Monthly;5;1
1572;Male;17;Non-Swiss;Italian;Jewish;Monthly;4;1
1573;Female;25;Non-Swiss;French;Other;Never;2;4
1574;Male;23;Swiss;German;Other;Monthly;1;5
1575;Female;24;Swiss;Italian;Jewish;Weekly;3;3
1576;Female;29;Non-Swiss;Italian;Other;Monthly;4;5
1577;Female;28;Swiss;German;Jewish;Monthly;1;1
1578;Male;22;Swiss;French;Christian;Monthly;3;1
1579;Male;18;Non-Swiss;German;Jewish;Monthly;4;4
1580;Female;29;Non-Swiss;French;Other;Never;1;3
1581;Female;29;Non-Swiss;German;Jewish;Yearly;3;2
1582;Male;19;Swiss;French;Jewish;Yearly;2;1
1583;Female;24;Non-Swiss;Italian;Jewish;Never;5;3
1584;Female;20;Non-Swiss;Italian;Christian;Yearly;5;2
1585;Male;28;Swiss;Italian;Muslim;Never;4;2
1586;Female;28;Swiss;French;Other;Never;2;5
1587;Female;16;Non-Swiss;German;Jewish;Never;2;4
1588;Female;25;Non-Swiss;French;Christian;Yearly;5;4
1589;Female;23;Swiss;French;Jewish;Weekly;5;3
1590;Male;25;Non-Swiss;Italian;Muslim;Never;4;3
1591;Male;17;Non-Swiss;French;Other;Monthly;2;5
1592;Male;17;Non-Swiss;Italian;Muslim;Weekly;3;5
1593;Male;25;Swiss;Italian;Jewish;Monthly;1;1
1594;Female;17;Swiss;French;Christian;Weekly;5;2
1595;Male;26;Swiss;French;Jewish;Monthly;3;4
1596;Male;28;Swiss;French;Other;Weekly;1;1
1597;Female;30;Non-Swiss;French;Muslim;Never;4;1
1598;Female;18;Swiss;French;Other;Yearly;1;5
1599;Male;28;Non-Swiss;French;Other;Weekly;1;5
1600;Male;30;Non-Swiss;Italian;Christian;Weekly;1;5
1601;Female;23;Swiss;German;Muslim;Yearly;2;5
1602;Male;21;Non-Swiss;Italian;Muslim;Never;2;1
1603;Male;18;Non-Swiss;Italian;Other;Monthly;4;3
1604;Male;22;Non-Swiss;French;Other;Weekly;2;2
1605;Female;30;Non-Swiss;French;Christian;Yearly;1;3
1606;Male;26;Swiss;French;Christian;Never;4;4
1607;Male;28;Non-Swiss;Italian;Jewish;Monthly;5;5
1608;Male;24;Non-Swiss;French;Christian;Monthly;5;4
1609;Female;21;Non-Swiss;German;Jewish;Monthly;4;3
1610;Female;29;Swiss;Italian;Jewish;Weekly;1;2
1611;Female;17;Non-Swiss;German;Christian;Weekly;3;4
1612;Male;20;Non-Swiss;German;Christian;Never;1;1
1613;Male;22;Non-Swiss;German;Jewish;Never;3;4
1614;Male;28;Swiss;Italian;Other;Weekly;3;5
1615;Female;27;Non-Swiss;French;Christian;Yearly;1;4
1616;Male;26;Swiss;French;Jewish;Weekly;2;4
1617;Female;26;Swiss;German;Muslim;Never;2;3
1618;Female;29;Swiss;German;Other;Never;1;3
1619;Male;22;Non-Swiss;French;Christian;Monthly;1;3
1620;Female;28;Swiss;Italian;Other;Weekly;1;1
1621;Male;22;Non-Swiss;French;Other;Never;1;1
1622;Female;26;Non-Swiss;French;Christian;Never;1;3
1623;Male;24;Swiss;Italian;Jewish;Yearly;4;2
1624;Male;21;Swiss;German;Muslim;Yearly;3;1
1625;Male;19;Non-Swiss;German;Muslim;Monthly;4;5
1626;Female;27;Swiss;German;Jewish;Monthly;1;2
1627;Female;21;Swiss;Italian;Muslim;Weekly;2;4
1628;Female;20;Swiss;French;Other;Monthly;1;4
1629;Female;25;Non-Swiss;French;Muslim;Never;2;3
1630;Male;18;Swiss;Italian;Muslim;Monthly;3;4
1631;Female;30;Swiss;Italian;Muslim;Monthly;3;1
1632;Female;30;Non-Swiss;Italian;Muslim;Yearly;1;4
1633;Male;22;Non-Swiss;German;Jewish;Monthly;4;3
1634;Female;16;Swiss;German;Muslim;Weekly;2;3
1635;Male;29;Swiss;Italian;Muslim;Monthly;2;4
1636;Female;21;Non-Swiss;German;Muslim;Monthly;5;4
1637;Male;29;Swiss;Italian;Jewish;Weekly;1;4
1638;Female;20;Non-Swiss;French;Christian;Never;5;2
1639;Female;30;Swiss;French;Other;Monthly;4;1
1640;Male;18;Swiss;German;Other;Yearly;3;5
1641;Male;28;Swiss;Italian;Jewish;Yearly;2;2
1642;Female;25;Swiss;Italian;Jewish;Weekly;5;1
1643;Male;19;Non-Swiss;French;Christian;Weekly;5;4
1644;Male;17;Non-Swiss;French;Jewish;Yearly;4;4
1645;Male;27;Non-Swiss;Italian;Jewish;Never;4;3
1646;Male;29;Non-Swiss;French;Jewish;Weekly;5;4
1647;Female;26;Swiss;German;Other;Never;1;4
1648;Female;17;Non-Swiss;German;Jewish;Monthly;1;1
1649;Male;26;Swiss;Italian;Muslim;Monthly;3;5
1650;Female;28;Swiss;Italian;Other;Never;3;3
1651;Male;21;Swiss;Italian;Christian;Weekly;4;1
1652;Male;18;Swiss;Italian;Other;Weekly;5;2
1653;Male;23;Swiss;French;Other;Yearly;1;5
1654;Male;23;Non-Swiss;French;Christian;Monthly;2;5
1655;Female;22;Swiss;French;Jewish;Yearly;2;1
1656;Male;20;Swiss;Italian;Other;Monthly;1;5
1657;Female;23;Swiss;Italian;Jewish;Never;1;1
1658;Male;17;Swiss;German;Christian;Never;2;2
1659;Male;16;Swiss;Italian;Muslim;Yearly;5;1
1660;Male;23;Swiss;French;Muslim;Monthly;2;5
1661;Male;24;Non-Swiss;French;Muslim;Weekly;1;1
1662;Male;28;Swiss;French;Other;Weekly;3;2
1663;Male;30;Swiss;Italian;Jewish;Monthly;4;2
1664;Male;23;Non-Swiss;German;Muslim;Monthly;2;3
1665;Male;30;Swiss;Italian;Christian;Never;2;1
1666;Male;27;Swiss;French;Jewish;Never;4;3
1667;Female;27;Non-Swiss;French;Christian;Never;4;4
1668;Female;23;Non-Swiss;German;Muslim;Monthly;5;1
1669;Male;23;Non-Swiss;French;Other;Monthly;2;2
1670;Male;18;Swiss;French;Muslim;Yearly;1;2
1671;Male;30;Swiss;French;Other;Yearly;3;1
1672;Female;28;Non-Swiss;French;Other;Yearly;2;5
1673;Male;18;Non-Swiss;French;Christian;Monthly;3;5
1674;Male;19;Swiss;French;Muslim;Yearly;3;5
1675;Male;27;Non-Swiss;Italian;Muslim;Yearly;2;1
1676;Female;22;Non-Swiss;German;Christian;Monthly;5;4
1677;Female;27;Swiss;French;Jewish;Monthly;5;1
1678;Male;28;Swiss;Italian;Muslim;Weekly;2;3
1679;Female;27;Non-Swiss;French;Christian;Monthly;5;5
1680;Male;21;Non-Swiss;Italian;Christian;Weekly;4;3
1681;Male;22;Swiss;French;Muslim;Yearly;3;5
1682;Female;25;Swiss;French;Christian;Weekly;4;2
1683;Male;19;Non-Swiss;Italian;Jewish;Yearly;3;2
1684;Female;28;Swiss;French;Jewish;Never;5;2
1685;Male;16;Non-Swiss;Italian;Christian;Monthly;5;5
1686;Male;21;Non-Swiss;Italian;Christian;Never;4;4
1687;Male;20;Swiss;Italian;Jewish;Yearly;3;3
1688;Female;16;Swiss;German;Other;Weekly;4;5
1689;Male;16;Non-Swiss;German;Jewish;Monthly;3;1
1690;Female;27;Non-Swiss;German;Christian;Never;5;1
1691;Male;27;Non-Swiss;French;Christian;Never;5;1
1692;Female;18;Swiss;French;Christian;Never;2;1
1693;Female;30;Non-Swiss;French;Other;Never;2;5
1694;Male;20;Non-Swiss;German;Muslim;Never;4;5
1695;Male;22;Non-Swiss;French;Jewish;Monthly;3;1
1696;Male;17;Non-Swiss;Italian;Other;Yearly;5;2
1697;Female;17;Non-Swiss;Italian;Other;Weekly;3;4
1698;Female;30;Swiss;French;Christian;Monthly;2;5
1699;Male;25;Swiss;Italian;Jewish;Weekly;3;3
1700;Female;20;Swiss;German;Jewish;Monthly;1;1
1701;Male;21;Non-Swiss;French;Jewish;Yearly;1;1
1702;Male;26;Swiss;German;Muslim;Yearly;1;4
1703;Female;19;Non-Swiss;French;Muslim;Monthly;3;2
1704;Male;26;Non-Swiss;French;Other;Yearly;4;2
1705;Female;18;Swiss;Italian;Christian;Never;4;4
1706;Female;18;Non-Swiss;Italian;Other;Yearly;4;3
1707;Female;21;Non-Swiss;Italian;Christian;Monthly;3;1
1708;Female;18;Non-Swiss;German;Other;Weekly;2;3
1709;Female;18;Swiss;French;Other;Never;3;1
1710;Male;24;Swiss;Italian;Other;Monthly;4;5
1711;Female;30;Swiss;Italian;Muslim;Never;2;1
1712;Male;19;Non-Swiss;French;Other;Weekly;3;5
1713;Female;18;Non-Swiss;German;Christian;Never;5;1
1714;Male;29;Swiss;Italian;Muslim;Never;1;5
1715;Male;29;Non-Swiss;French;Muslim;Yearly;3;2
1716;Male;25;Non-Swiss;German;Christian;Monthly;1;5
1717;Male;28;Swiss;French;Muslim;Never;5;4
1718;Female;28;Swiss;French;Muslim;Never;5;1
1719;Female;25;Swiss;French;Jewish;Monthly;5;3
1720;Female;20;Non-Swiss;German;Christian;Weekly;3;1
1721;Female;19;Swiss;German;Other;Monthly;2;3
1722;Female;30;Non-Swiss;German;Other;Never;5;1
1723;Male;28;Non-Swiss;French;Other;Monthly;5;3
1724;Male;25;Non-Swiss;German;Other;Never;4;3
1725;Female;17;Non-Swiss;Italian;Other;Monthly;1;5
1726;Female;30;Swiss;German;Christian;Never;1;1
1727;Female;23;Swiss;French;Christian;Yearly;4;3
1728;Female;23;Non-Swiss;Italian;Muslim;Monthly;2;3
1729;Female;27;Swiss;German;Muslim;Monthly;2;1
1730;Male;20;Non-Swiss;German;Jewish;Yearly;1;2
1731;Male;23;Swiss;Italian;Jewish;Weekly;3;4
1732;Male;25;Non-Swiss;Italian;Muslim;Yearly;1;4
1733;Male;27;Non-Swiss;German;Muslim;Yearly;4;3
1734;Male;28;Swiss;Italian;Christian;Monthly;3;4
1735;Female;26;Non-Swiss;German;Other;Never;1;4
1736;Male;19;Non-Swiss;Italian;Muslim;Monthly;5;5
1737;Female;29;Non-Swiss;German;Christian;Weekly;1;1
1738;Male;26;Swiss;German;Muslim;Monthly;5;1
1739;Male;21;Non-Swiss;Italian;Other;Yearly;2;2
1740;Male;24;Non-Swiss;Italian;Jewish;Never;4;4
1741;Female;19;Non-Swiss;French;Other;Monthly;4;1
1742;Female;23;Non-Swiss;German;Muslim;Weekly;5;4
1743;Female;16;Swiss;Italian;Jewish;Monthly;4;5
1744;Male;23;Non-Swiss;Italian;Muslim;Weekly;3;5
1745;Male;25;Swiss;Italian;Christian;Yearly;2;5
1746;Female;17;Swiss;Italian;Other;Yearly;4;4
1747;Female;17;Swiss;French;Muslim;Weekly;5;3
1748;Female;24;Non-Swiss;French;Jewish;Never;1;5
1749;Female;25;Non-Swiss;Italian;Other;Weekly;4;2
1750;Male;20;Non-Swiss;German;Christian;Monthly;5;3
1751;Male;21;Swiss;German;Muslim;Never;5;1
1752;Male;24;Non-Swiss;German;Muslim;Weekly;1;3
1753;Female;27;Swiss;German;Muslim;Weekly;2;2
1754;Male;17;Swiss;Italian;Jewish;Never;1;5
1755;Male;29;Non-Swiss;Italian;Muslim;Weekly;1;1
1756;Male;17;Swiss;French;Muslim;Monthly;3;3
1757;Female;27;Non-Swiss;French;Other;Monthly;4;3
1758;Male;21;Non-Swiss;Italian;Muslim;Never;2;1
1759;Female;26;Non-Swiss;French;Jewish;Weekly;4;1
1760;Female;23;Swiss;German;Other;Weekly;4;4
1761;Female;22;Swiss;French;Muslim;Weekly;4;3
1762;Male;27;Non-Swiss;German;Other;Never;3;5
1763;Female;16;Non-Swiss;German;Muslim;Never;1;2
1764;Female;18;Swiss;French;Christian;Monthly;4;5
1765;Female;27;Swiss;French;Muslim;Weekly;1;2
1766;Female;19;Swiss;Italian;Jewish;Never;2;2
1767;Male;19;Non-Swiss;French;Muslim;Weekly;4;4
1768;Male;22;Swiss;Italian;Muslim;Yearly;2;2
1769;Female;25;Swiss;Italian;Other;Never;5;2
1770;Male;20;Swiss;German;Other;Monthly;2;1
1771;Male;23;Swiss;Italian;Christian;Never;1;2
1772;Male;16;Non-Swiss;German;Muslim;Never;3;1
1773;Female;29;Swiss;German;Other;Weekly;5;1
1774;Female;16;Non-Swiss;German;Muslim;Yearly;2;2
1775;Female;30;Non-Swiss;German;Muslim;Yearly;3;1
1776;Female;20;Swiss;French;Other;Monthly;3;4
1777;Male;22;Swiss;Italian;Muslim;Monthly;2;2
1778;Female;17;Swiss;Italian;Other;Never;3;3
1779;Male;24;Non-Swiss;Italian;Other;Monthly;2;4
1780;Female;27;Non-Swiss;Italian;Muslim;Weekly;3;2
1781;Male;23;Swiss;German;Jewish;Yearly;5;3
1782;Female;19;Swiss;French;Muslim;Weekly;3;1
1783;Male;23;Non-Swiss;German;Jewish;Yearly;4;3
1784;Male;25;Non-Swiss;Italian;Christian;Monthly;1;2
1785;Male;19;Swiss;Italian;Other;Monthly;1;1
1786;Male;28;Non-Swiss;Italian;Jewish;Monthly;1;4
1787;Female;25;Non-Swiss;Italian;Jewish;Monthly;3;2
1788;Male;19;Non-Swiss;Italian;Other;Never;5;4
1789;Female;24;Swiss;Italian;Muslim;Weekly;1;2
1790;Female;20;Swiss;French;Other;Yearly;3;4
1791;Male;26;Swiss;Italian;Muslim;Never;2;3
1792;Male;25;Swiss;German;Other;Monthly;4;2
1793;Male;20;Swiss;Italian;Other;Yearly;5;1
1794;Male;27;Non-Swiss;French;Other;Yearly;2;5
1795;Male;26;Non-Swiss;French;Muslim;Monthly;2;5
1796;Male;24;Non-Swiss;German;Muslim;Monthly;2;1
1797;Male;30;Swiss;German;Christian;Weekly;5;4
1798;Female;23;Non-Swiss;French;Other;Never;3;5
1799;Female;26;Non-Swiss;German;Christian;Yearly;4;4
1800;Male;21;Non-Swiss;German;Other;Monthly;4;2
1801;Male;16;Non-Swiss;Italian;Muslim;Yearly;5;5
1802;Male;25;Non-Swiss;German;Christian;Weekly;2;3
1803;Male;23;Swiss;German;Muslim;Weekly;2;2
1804;Male;16;Non-Swiss;German;Jewish;Never;3;1
1805;Female;26;Swiss;Italian;Jewish;Never;2;5
1806;Male;28;Non-Swiss;German;Jewish;Monthly;4;2
1807;Male;25;Non-Swiss;French;Muslim;Weekly;2;3
1808;Male;18;Non-Swiss;German;Muslim;Monthly;1;5
1809;Male;27;Non-Swiss;Italian;Muslim;Monthly;1;2
1810;Male;17;Swiss;German;Muslim;Yearly;5;3
1811;Female;28;Non-Swiss;German;Other;Yearly;2;5
1812;Female;20;Non-Swiss;Italian;Muslim;Weekly;2;2
1813;Male;27;Swiss;French;Christian;Yearly;1;5
1814;Female;19;Swiss;German;Muslim;Yearly;5;2
1815;Male;27;Non-Swiss;Italian;Jewish;Monthly;2;5
1816;Male;22;Swiss;Italian;Muslim;Weekly;2;5
1817;Female;30;Swiss;Italian;Other;Yearly;2;5
1818;Female;26;Swiss;German;Muslim;Weekly;3;1
1819;Male;19;Non-Swiss;German;Muslim;Yearly;4;4
1820;Female;22;Swiss;German;Jewish;Monthly;3;5
1821;Female;18;Non-Swiss;Italian;Muslim;Yearly;3;1
1822;Male;16;Swiss;French;Christian;Monthly;5;1
1823;Male;23;Swiss;French;Jewish;Weekly;5;4
1824;Female;18;Swiss;German;Other;Monthly;5;3
1825;Female;19;Swiss;Italian;Muslim;Yearly;1;2
1826;Male;22;Non-Swiss;French;Jewish;Weekly;1;1
1827;Female;17;Non-Swiss;German;Jewish;Weekly;3;3
1828;Female;30;Non-Swiss;German;Muslim;Monthly;2;5
1829;Female;25;Swiss;German;Other;Never;2;3
1830;Female;17;Swiss;German;Christian;Never;1;3
1831;Female;19;Non-Swiss;German;Christian;Monthly;2;3
1832;Male;29;Swiss;French;Muslim;Never;2;4
1833;Male;30;Non-Swiss;German;Muslim;Weekly;1;2
1834;Male;17;Non-Swiss;French;Jewish;Never;4;4
1835;Female;22;Non-Swiss;German;Other;Yearly;3;3
1836;Female;16;Non-Swiss;Italian;Jewish;Weekly;4;5
1837;Male;30;Non-Swiss;French;Muslim;Never;3;1
1838;Female;30;Swiss;German;Christian;Never;2;1
1839;Male;21;Non-Swiss;Italian;Muslim;Monthly;3;3
1840;Female;18;Non-Swiss;French;Other;Yearly;4;2
1841;Male;23;Non-Swiss;Italian;Christian;Weekly;3;5
1842;Male;29;Non-Swiss;Italian;Jewish;Never;5;3
1843;Female;23;Non-Swiss;German;Christian;Yearly;3;1
1844;Male;27;Swiss;German;Jewish;Monthly;3;4
1845;Male;20;Swiss;French;Other;Monthly;3;5
1846;Male;21;Swiss;French;Other;Weekly;2;3
1847;Male;16;Swiss;French;Jewish;Weekly;3;2
1848;Male;28;Non-Swiss;French;Other;Never;5;5
1849;Female;25;Swiss;German;Muslim;Weekly;1;4
1850;Female;25;Swiss;French;Muslim;Yearly;2;3
1851;Male;29;Swiss;French;Jewish;Monthly;3;2
1852;Male;25;Non-Swiss;French;Jewish;Never;4;2
1853;Female;17;Swiss;French;Muslim;Yearly;5;4
1854;Female;25;Swiss;German;Other;Weekly;1;1
1855;Male;20;Non-Swiss;German;Other;Never;3;3
1856;Female;17;Non-Swiss;German;Christian;Monthly;3;2
1857;Female;29;Swiss;Italian;Muslim;Monthly;5;2
1858;Male;24;Swiss;French;Christian;Never;5;2
1859;Female;19;Non-Swiss;French;Muslim;Never;5;5
1860;Female;27;Swiss;French;Other;Yearly;2;3
1861;Male;24;Non-Swiss;Italian;Muslim;Weekly;2;4
1862;Female;25;Non-Swiss;French;Other;Weekly;1;2
1863;Male;17;Non-Swiss;Italian;Jewish;Yearly;4;5
1864;Male;24;Non-Swiss;French;Muslim;Never;2;5
1865;Female;16;Non-Swiss;German;Jewish;Monthly;2;5
1866;Male;23;Swiss;French;Jewish;Never;3;2
1867;Female;16;Non-Swiss;Italian;Jewish;Never;3;1
1868;Male;20;Swiss;German;Other;Weekly;4;3
1869;Male;21;Non-Swiss;French;Other;Yearly;5;1
1870;Male;19;Non-Swiss;German;Other;Never;1;4
1871;Male;19;Swiss;French;Jewish;Yearly;2;5
1872;Male;24;Swiss;Italian;Christian;Monthly;4;3
1873;Male;20;Swiss;French;Other;Never;1;1
1874;Male;26;Non-Swiss;Italian;Muslim;Monthly;1;3
1875;Female;29;Swiss;French;Jewish;Monthly;4;5
1876;Female;18;Swiss;German;Jewish;Monthly;1;5
1877;Female;18;Swiss;Italian;Jewish;Monthly;1;4
1878;Male;27;Swiss;Italian;Christian;Yearly;3;2
1879;Male;23;Swiss;Italian;Other;Yearly;1;3
1880;Male;26;Non-Swiss;Italian;Muslim;Yearly;1;4
1881;Male;30;Non-Swiss;German;Other;Yearly;1;3
1882;Female;26;Swiss;German;Jewish;Yearly;4;2
1883;Male;24;Non-Swiss;Italian;Muslim;Monthly;1;2
1884;Male;30;Non-Swiss;Italian;Christian;Monthly;5;5
1885;Female;17;Swiss;German;Jewish;Weekly;1;5
1886;Female;28;Swiss;German;Christian;Never;5;3
1887;Female;26;Swiss;German;Muslim;Monthly;3;2
1888;Male;22;Non-Swiss;Italian;Jewish;Never;2;1
1889;Female;21;Non-Swiss;German;Christian;Never;5;3
1890;Female;23;Non-Swiss;Italian;Muslim;Never;2;3
1891;Female;21;Non-Swiss;French;Muslim;Never;3;2
1892;Female;25;Non-Swiss;German;Jewish;Yearly;4;5
1893;Female;23;Non-Swiss;Italian;Christian;Weekly;5;2
1894;Female;27;Swiss;Italian;Muslim;Never;4;4
1895;Male;21;Swiss;French;Muslim;Weekly;1;4
1896;Male;18;Swiss;French;Other;Weekly;3;1
1897;Male;30;Swiss;French;Jewish;Yearly;4;3
1898;Male;26;Non-Swiss;Italian;Christian;Never;4;1
1899;Female;20;Non-Swiss;German;Jewish;Weekly;2;1
1900;Male;25;Swiss;German;Christian;Weekly;1;2
1901;Male;29;Non-Swiss;German;Christian;Yearly;3;1
1902;Female;25;Non-Swiss;Italian;Jewish;Weekly;5;3
1903;Male;26;Swiss;French;Christian;Monthly;1;1
1904;Male;28;Swiss;French;Other;Never;3;1
1905;Male;23;Non-Swiss;Italian;Muslim;Never;2;4
1906;Male;25;Non-Swiss;German;Christian;Monthly;4;2
1907;Female;30;Swiss;Italian;Other;Never;4;2
1908;Male;25;Non-Swiss;German;Christian;Never;3;1
1909;Male;19;Non-Swiss;Italian;Christian;Never;4;1
1910;Male;19;Non-Swiss;French;Muslim;Weekly;3;2
1911;Male;29;Swiss;German;Muslim;Monthly;1;5
1912;Female;24;Non-Swiss;German;Other;Weekly;2;4
1913;Male;22;Swiss;Italian;Muslim;Monthly;4;4
1914;Female;20;Swiss;German;Other;Weekly;3;4
1915;Female;28;Non-Swiss;German;Christian;Never;5;3
1916;Female;16;Non-Swiss;Italian;Muslim;Weekly;5;5
1917;Male;28;Non-Swiss;German;Christian;Never;1;3
1918;Male;21;Swiss;Italian;Muslim;Weekly;2;1
1919;Male;19;Swiss;German;Jewish;Never;3;3
1920;Female;27;Non-Swiss;Italian;Christian;Never;3;3
1921;Female;19;Swiss;German;Muslim;Weekly;3;1
1922;Male;29;Swiss;Italian;Other;Never;5;3
1923;Male;29;Swiss;German;Jewish;Weekly;1;1
1924;Female;20;Non-Swiss;French;Christian;Yearly;5;4
1925;Male;17;Non-Swiss;German;Muslim;Weekly;5;4
1926;Female;23;Swiss;French;Christian;Never;4;5
1927;Female;20;Non-Swiss;Italian;Other;Never;3;3
1928;Male;18;Non-Swiss;Italian;Jewish;Monthly;5;5
1929;Female;20;Swiss;French;Other;Monthly;1;5
1930;Male;27;Swiss;Italian;Muslim;Weekly;3;4
1931;Male;19;Swiss;French;Muslim;Never;1;2
1932;Female;26;Non-Swiss;French;Muslim;Weekly;5;4
1933;Male;17;Non-Swiss;Italian;Other;Monthly;4;2
1934;Female;24;Swiss;Italian;Christian;Yearly;2;1
1935;Female;29;Swiss;French;Christian;Yearly;5;3
1936;Male;24;Non-Swiss;German;Muslim;Monthly;3;2
1937;Female;17;Non-Swiss;German;Jewish;Yearly;1;2
1938;Female;24;Non-Swiss;German;Christian;Yearly;3;3
1939;Female;27;Non-Swiss;French;Jewish;Never;4;1
1940;Male;25;Non-Swiss;German;Other;Never;5;5
1941;Female;30;Non-Swiss;German;Christian;Monthly;1;2
1942;Female;16;Swiss;French;Other;Yearly;3;2
1943;Female;28;Non-Swiss;Italian;Christian;Never;2;1
1944;Female;18;Swiss;German;Christian;Monthly;2;2
1945;Female;21;Non-Swiss;French;Jewish;Yearly;1;4
1946;Male;27;Non-Swiss;German;Muslim;Never;4;3
1947;Female;24;Non-Swiss;Italian;Other;Yearly;5;4
1948;Female;22;Non-Swiss;Italian;Christian;Weekly;4;3
1949;Female;30;Non-Swiss;German;Muslim;Weekly;1;4
1950;Female;20;Swiss;French;Jewish;Yearly;1;5
1951;Female;24;Non-Swiss;French;Muslim;Weekly;2;5
1952;Male;22;Non-Swiss;German;Christian;Weekly;4;3
1953;Female;23;Swiss;German;Muslim;Weekly;5;3
1954;Female;17;Non-Swiss;Italian;Muslim;Yearly;5;1
1955;Female;28;Non-Swiss;Italian;Other;Yearly;3;2
1956;Male;29;Swiss;French;Jewish;Never;1;4
1957;Male;22;Non-Swiss;German;Muslim;Never;4;2
1958;Female;25;Non-Swiss;German;Christian;Monthly;1;4
1959;Female;16;Swiss;Italian;Jewish;Never;1;1
1960;Male;23;Swiss;French;Jewish;Yearly;4;3
1961;Female;27;Non-Swiss;Italian;Jewish;Never;2;3
1962;Female;28;Non-Swiss;Italian;Muslim;Weekly;4;3
1963;Male;18;Non-Swiss;German;Christian;Never;3;2
1964;Female;16;Non-Swiss;Italian;Other;Monthly;5;2
1965;Female;30;Non-Swiss;French;Muslim;Never;3;2
1966;Male;29;Swiss;German;Christian;Never;5;4
1967;Male;20;Swiss;German;Jewish;Weekly;4;5
1968;Male;17;Swiss;German;Christian;Monthly;3;5
1969;Male;23;Swiss;French;Other;Never;2;5
1970;Female;26;Non-Swiss;German;Jewish;Weekly;5;2
1971;Male;23;Non-Swiss;German;Jewish;Yearly;3;1
1972;Male;23;Swiss;German;Other;Never;1;4
1973;Female;20;Swiss;French;Other;Yearly;4;3
1974;Male;17;Swiss;French;Jewish;Yearly;5;5
1975;Male;18;Swiss;Italian;Jewish;Weekly;4;5
1976;Female;24;Non-Swiss;French;Other;Monthly;3;5
1977;Male;18;Non-Swiss;French;Christian;Never;2;1
1978;Female;21;Swiss;Italian;Christian;Weekly;5;4
1979;Male;17;Non-Swiss;Italian;Christian;Weekly;4;4
1980;Male;29;Swiss;French;Jewish;Monthly;5;4
1981;Male;20;Non-Swiss;French;Jewish;Weekly;3;4
1982;Male;23;Swiss;Italian;Christian;Monthly;4;1
1983;Female;26;Swiss;Italian;Other;Monthly;4;3
1984;Female;27;Non-Swiss;Italian;Muslim;Yearly;5;4
1985;Male;20;Non-Swiss;French;Other;Monthly;1;3
1986;Male;26;Non-Swiss;French;Jewish;Weekly;2;5
1987;Male;24;Swiss;Italian;Other;Never;1;1
1988;Male;17;Non-Swiss;Italian;Other;Never;3;4
1989;Female;20;Non-Swiss;French;Christian;Monthly;1;2
1990;Male;21;Swiss;Italian;Christian;Never;4;4
1991;Female;27;Swiss;Italian;Christian;Monthly;3;5
1992;Male;17;Swiss;Italian;Other;Monthly;5;2
1993;Female;29;Non-Swiss;German;Christian;Monthly;4;2
1994;Male;24;Swiss;German;Christian;Monthly;4;3
1995;Male;20;Non-Swiss;French;Jewish;Weekly;1;4
1996;Male;21;Non-Swiss;German;Other;Yearly;3;1
1997;Male;20;Swiss;Italian;Christian;Yearly;4;5
1998;Female;18;Non-Swiss;French;Christian;Never;5;2
1999;Female;29;Non-Swiss;French;Jewish;Never;2;5
2000;Male;18;Non-Swiss;French;Muslim;Weekly;3;1
